<ImportExportXml xmlns:xsi="http://www.w3.org/2001/XMLSchema-instance" OrganizationVersion="9.2.25082.141" OrganizationSchemaType="Full" CRMServerServiceabilityVersion="9.2.25082.00141">
  <Entities>
    <Entity>
      <Name LocalizedName="Ocorrência" OriginalName="Ocorrência">Incident</Name>
      <EntityInfo>
        <entity Name="Incident">
          <attributes>
            <attribute PhysicalName="crd52_TipodeAtendimento">
              <Type>picklist</Type>
              <Name>crd52_tipodeatendimento</Name>
              <LogicalName>crd52_tipodeatendimento</LogicalName>
              <RequiredLevel>none</RequiredLevel>
              <DisplayMask>ValidForAdvancedFind|ValidForForm|ValidForGrid</DisplayMask>
              <ImeMode>auto</ImeMode>
              <ValidForUpdateApi>1</ValidForUpdateApi>
              <ValidForReadApi>1</ValidForReadApi>
              <ValidForCreateApi>1</ValidForCreateApi>
              <IsCustomField>1</IsCustomField>
              <IsAuditEnabled>1</IsAuditEnabled>
              <IsSecured>0</IsSecured>
              <IntroducedVersion>1.0.0.0</IntroducedVersion>
              <IsCustomizable>1</IsCustomizable>
              <IsRenameable>1</IsRenameable>
              <CanModifySearchSettings>1</CanModifySearchSettings>
              <CanModifyRequirementLevelSettings>1</CanModifyRequirementLevelSettings>
              <CanModifyAdditionalSettings>1</CanModifyAdditionalSettings>
              <SourceType>0</SourceType>
              <IsGlobalFilterEnabled>0</IsGlobalFilterEnabled>
              <IsSortableEnabled>0</IsSortableEnabled>
              <CanModifyGlobalFilterSettings>1</CanModifyGlobalFilterSettings>
              <CanModifyIsSortableSettings>1</CanModifyIsSortableSettings>
              <IsDataSourceSecret>0</IsDataSourceSecret>
              <AutoNumberFormat></AutoNumberFormat>
              <IsSearchable>0</IsSearchable>
              <IsFilterable>0</IsFilterable>
              <IsRetrievable>0</IsRetrievable>
              <IsLocalizable>0</IsLocalizable>
              <AppDefaultValue>-1</AppDefaultValue>
              <OptionSetName>crd52_opcoesdeatendimento</OptionSetName>
              <displaynames>
                <displayname description="Tipo de Atendimento" languagecode="1046" />
              </displaynames>
              <Descriptions>
                <Description description="" languagecode="1046" />
              </Descriptions>
            </attribute>
            <attribute PhysicalName="edea_OcorrenciaResolvida">
              <Type>bit</Type>
              <Name>edea_ocorrenciaresolvida</Name>
              <LogicalName>edea_ocorrenciaresolvida</LogicalName>
              <RequiredLevel>required</RequiredLevel>
              <DisplayMask>ValidForAdvancedFind|ValidForForm|ValidForGrid</DisplayMask>
              <ImeMode>auto</ImeMode>
              <ValidForUpdateApi>1</ValidForUpdateApi>
              <ValidForReadApi>1</ValidForReadApi>
              <ValidForCreateApi>1</ValidForCreateApi>
              <IsCustomField>1</IsCustomField>
              <IsAuditEnabled>1</IsAuditEnabled>
              <IsSecured>0</IsSecured>
              <IntroducedVersion>1.0.0.0</IntroducedVersion>
              <IsCustomizable>1</IsCustomizable>
              <IsRenameable>1</IsRenameable>
              <CanModifySearchSettings>1</CanModifySearchSettings>
              <CanModifyRequirementLevelSettings>1</CanModifyRequirementLevelSettings>
              <CanModifyAdditionalSettings>1</CanModifyAdditionalSettings>
              <SourceType>0</SourceType>
              <IsGlobalFilterEnabled>0</IsGlobalFilterEnabled>
              <IsSortableEnabled>0</IsSortableEnabled>
              <CanModifyGlobalFilterSettings>1</CanModifyGlobalFilterSettings>
              <CanModifyIsSortableSettings>1</CanModifyIsSortableSettings>
              <IsDataSourceSecret>0</IsDataSourceSecret>
              <AutoNumberFormat></AutoNumberFormat>
              <IsSearchable>0</IsSearchable>
              <IsFilterable>0</IsFilterable>
              <IsRetrievable>0</IsRetrievable>
              <IsLocalizable>0</IsLocalizable>
              <AppDefaultValue>0</AppDefaultValue>
              <optionset Name="edea_incident_edea_ocorrenciaresolvida">
                <OptionSetType>bit</OptionSetType>
                <IntroducedVersion>1.0.0.0</IntroducedVersion>
                <IsCustomizable>1</IsCustomizable>
                <ExternalTypeName></ExternalTypeName>
                <displaynames>
                  <displayname description="Ocorrência Resolvida" languagecode="1046" />
                </displaynames>
                <Descriptions>
                  <Description description="" languagecode="1046" />
                </Descriptions>
                <options>
                  <option value="1" ExternalValue="" IsHidden="0">
                    <labels>
                      <label description="Sim" languagecode="1046" />
                    </labels>
                  </option>
                  <option value="0" ExternalValue="" IsHidden="0">
                    <labels>
                      <label description="Não" languagecode="1046" />
                    </labels>
                  </option>
                </options>
              </optionset>
              <displaynames>
                <displayname description="Ocorrência Resolvida" languagecode="1046" />
              </displaynames>
              <Descriptions>
                <Description description="" languagecode="1046" />
              </Descriptions>
            </attribute>
            <attribute PhysicalName="edea_ResolucaoOcorrencia">
              <Type>ntext</Type>
              <Name>edea_resolucaoocorrencia</Name>
              <LogicalName>edea_resolucaoocorrencia</LogicalName>
              <RequiredLevel>none</RequiredLevel>
              <DisplayMask>ValidForAdvancedFind|ValidForForm|ValidForGrid</DisplayMask>
              <ImeMode>auto</ImeMode>
              <ValidForUpdateApi>1</ValidForUpdateApi>
              <ValidForReadApi>1</ValidForReadApi>
              <ValidForCreateApi>1</ValidForCreateApi>
              <IsCustomField>1</IsCustomField>
              <IsAuditEnabled>1</IsAuditEnabled>
              <IsSecured>0</IsSecured>
              <IntroducedVersion>1.0</IntroducedVersion>
              <IsCustomizable>1</IsCustomizable>
              <IsRenameable>1</IsRenameable>
              <CanModifySearchSettings>1</CanModifySearchSettings>
              <CanModifyRequirementLevelSettings>1</CanModifyRequirementLevelSettings>
              <CanModifyAdditionalSettings>1</CanModifyAdditionalSettings>
              <SourceType>0</SourceType>
              <IsGlobalFilterEnabled>0</IsGlobalFilterEnabled>
              <IsSortableEnabled>0</IsSortableEnabled>
              <CanModifyGlobalFilterSettings>1</CanModifyGlobalFilterSettings>
              <CanModifyIsSortableSettings>1</CanModifyIsSortableSettings>
              <IsDataSourceSecret>0</IsDataSourceSecret>
              <AutoNumberFormat></AutoNumberFormat>
              <IsSearchable>0</IsSearchable>
              <IsFilterable>0</IsFilterable>
              <IsRetrievable>0</IsRetrievable>
              <IsLocalizable>0</IsLocalizable>
              <Format>richtext</Format>
              <MaxLength>2000</MaxLength>
              <displaynames>
                <displayname description="Resolução Ocorrência" languagecode="1046" />
              </displaynames>
              <Descriptions>
                <Description description="Descrever o procedimento do Artigo" languagecode="1046" />
              </Descriptions>
            </attribute>
            <attribute PhysicalName="PriorityCode">
              <Type>picklist</Type>
              <Name>prioritycode</Name>
              <LogicalName>prioritycode</LogicalName>
              <RequiredLevel>none</RequiredLevel>
              <DisplayMask>ValidForAdvancedFind|ValidForForm|ValidForGrid</DisplayMask>
              <ImeMode>auto</ImeMode>
              <ValidForUpdateApi>1</ValidForUpdateApi>
              <ValidForReadApi>1</ValidForReadApi>
              <ValidForCreateApi>1</ValidForCreateApi>
              <IsCustomField>0</IsCustomField>
              <IsAuditEnabled>1</IsAuditEnabled>
              <IsSecured>0</IsSecured>
              <IntroducedVersion>5.0.0.0</IntroducedVersion>
              <SourceType>0</SourceType>
              <IsGlobalFilterEnabled>1</IsGlobalFilterEnabled>
              <IsSortableEnabled>1</IsSortableEnabled>
              <IsDataSourceSecret>0</IsDataSourceSecret>
              <AutoNumberFormat></AutoNumberFormat>
              <IsSearchable>0</IsSearchable>
              <IsFilterable>0</IsFilterable>
              <IsRetrievable>1</IsRetrievable>
              <IsLocalizable>0</IsLocalizable>
              <AppDefaultValue>-1</AppDefaultValue>
              <optionset Name="incident_prioritycode">
                <OptionSetType>picklist</OptionSetType>
                <IntroducedVersion>5.0.0.0</IntroducedVersion>
                <displaynames>
                  <displayname description="Prioridade" languagecode="1046" />
                </displaynames>
                <Descriptions>
                  <Description description="Prioridade da ocorrência." languagecode="1046" />
                </Descriptions>
                <options>
                  <option value="1" IsHidden="0">
                    <labels>
                      <label description="Alto" languagecode="1046" />
                    </labels>
                  </option>
                  <option value="2" IsHidden="0">
                    <labels>
                      <label description="Médio" languagecode="1046" />
                    </labels>
                    <Descriptions>
                      <Description description="" languagecode="1046" />
                    </Descriptions>
                  </option>
                  <option value="3" IsHidden="0">
                    <labels>
                      <label description="Baixa" languagecode="1046" />
                    </labels>
                  </option>
                </options>
              </optionset>
              <displaynames>
                <displayname description="Prioridade" languagecode="1046" />
              </displaynames>
              <Descriptions>
                <Description description="Selecione a prioridade de modo que os clientes preferenciais ou os problemas críticos sejam tratados rapidamente." languagecode="1046" />
              </Descriptions>
            </attribute>
          </attributes>
        </entity>
      </EntityInfo>
      <FormXml>
        <forms type="main">
          <systemform>
            <formid>{915f6055-2e07-4276-ae08-2b96c8d02c57}</formid>
            <IntroducedVersion>8.0.0.0</IntroducedVersion>
            <FormPresentation>2</FormPresentation>
            <FormActivationState>1</FormActivationState>
            <form relatedInformationCollapsed="false" enablerelatedinformation="false" shownavigationbar="true" showImage="false" maxWidth="1920" headerdensity="HighWithControls">
              <tabs>
                <tab name="Summary" id="{fcfdc216-e3c6-4bbe-baba-1d5774ea78f5}" IsUserDefined="0" locklevel="0" showlabel="false" expanded="true" ordinalvalue="0">
                  <columns>
                    <column width="33%" id="0">
                      <sections>
                        <section name="General Info" showlabel="false" showbar="false" locklevel="0" id="{84f29dbc-6013-4ba2-9666-64b471d7459f}" IsUserDefined="0" layout="varwidth" columns="1" labelwidth="115" celllabelalignment="Left" celllabelposition="Left" ordinalvalue="0">
                          <rows>
                            <row>
                              <cell id="{82bed4a4-41e1-4c3a-ac46-251fdf691b01}" rowspan="1" showlabel="false" locklevel="1" ordinalvalue="10000">
                                <labels>
                                  <label description="Cliente" languagecode="1046" solutionaction="Modified" />
                                </labels>
                              </cell>
                            </row>
                          </rows>
                        </section>
                        <section name="Case Details Summary" showlabel="false" showbar="false" locklevel="0" id="{b1105b8a-4c1c-a045-841b-d688c7826cc6}" IsUserDefined="0" layout="varwidth" columns="1" labelwidth="115" ordinalvalue="2">
                          <rows>
                            <row>
                              <cell id="{08077e93-1293-40b4-8b48-b8d5dba7b2a9}" showlabel="true" locklevel="0" colspan="1" availableforphone="true" ordinalvalue="10000">
                                <labels>
                                  <label description="Título da Ocorrência" languagecode="1046" solutionaction="Modified" />
                                </labels>
                              </cell>
                            </row>
                            <row>
                              <cell id="{dcade6ea-49d9-4914-9d8c-4dd45d68b56c}" showlabel="true" locklevel="0" ordinalvalue="10001">
                                <labels>
                                  <label description="Número da Ocorrência" languagecode="1046" solutionaction="Modified" />
                                </labels>
                              </cell>
                            </row>
                            <row>
                              <cell id="{4e749814-cad5-4f86-b462-dccd684f976c}" showlabel="true" locklevel="0" ordinalvalue="10002">
                                <labels>
                                  <label description="Assunto" languagecode="1046" solutionaction="Modified" />
                                </labels>
                              </cell>
                            </row>
                            <row>
                              <cell id="{2a4476ce-1954-4a74-be83-3fbccc4b50ec}" showlabel="true" locklevel="0" ordinalvalue="10003">
                                <labels>
                                  <label description="Cliente" languagecode="1046" solutionaction="Modified" />
                                </labels>
                              </cell>
                            </row>
                            <row>
                              <cell id="{14ccc597-87b9-4758-9c5c-948bdac72713}" showlabel="true" locklevel="0" ordinalvalue="10004">
                                <labels>
                                  <label description="Origem" languagecode="1046" solutionaction="Modified" />
                                </labels>
                              </cell>
                            </row>
                            <row>
                              <cell id="{0bf39219-671e-4e7f-82ca-c50f52ecae89}" ordinalvalue="10005">
                                <labels>
                                  <label description="Produto" languagecode="1046" solutionaction="Modified" />
                                </labels>
                              </cell>
                            </row>
                            <row>
                              <cell id="{7237401a-07fb-424c-a404-1b4833990d78}" showlabel="true" locklevel="0" ordinalvalue="10006">
                                <labels>
                                  <label description="Direito" languagecode="1046" solutionaction="Modified" />
                                </labels>
                              </cell>
                            </row>
                            <row>
                              <cell id="{41e1d1c2-510c-e555-8ad3-0ebb4d0c7c2a}" showlabel="true" locklevel="0" ordinalvalue="10007">
                                <labels>
                                  <label description="Alerta de IoT" languagecode="1046" solutionaction="Modified" />
                                </labels>
                              </cell>
                            </row>
                            <row>
                              <cell id="{6420b8f0-0814-4ec4-8305-f32e6160d1f4}" showlabel="true" locklevel="0" rowspan="8" availableforphone="true" ordinalvalue="10008">
                                <labels>
                                  <label description="Descrição" languagecode="1046" solutionaction="Modified" />
                                </labels>
                              </cell>
                            </row>
                          </rows>
                        </section>
                      </sections>
                    </column>
                    <column width="34%" id="1">
                      <sections>
                        <section name="copilot_summary_section" id="01b63d4b-4a49-4026-a4c1-2508beed206d" IsUserDefined="0" locklevel="0" showlabel="false" showbar="false" layout="varwidth" celllabelalignment="Left" celllabelposition="Left" columns="1" labelwidth="115" visible="false" ordinalvalue="0">
                          <rows>
                            <row>
                              <cell id="{cc6b608d-e280-4c3d-bb00-6e7dc59a7880}" locklevel="0" colspan="1" rowspan="1" showlabel="false" ordinalvalue="10000">
                                <labels>
                                  <label description="(Deprecated) Traversed Path" languagecode="1046" solutionaction="Modified" />
                                </labels>
                              </cell>
                            </row>
                          </rows>
                        </section>
                      </sections>
                    </column>
                    <column width="33%" id="2">
                      <sections>
                        <section name="Artigos de Conhecimentos Publicados" id="612f0f74-2b9e-4f6b-9202-e6c16a85ae04" IsUserDefined="0" locklevel="0" showlabel="false" showbar="false" layout="varwidth" celllabelalignment="Left" celllabelposition="Left" columns="1" labelwidth="115" ordinalvalue="1" solutionaction="Added">
                          <labels>
                            <label description="Artigos de Conhecimento Relacionados" languagecode="1046" />
                          </labels>
                          <rows>
                            <row />
                            <row>
                              <cell locklevel="0" id="{bd4158c0-7a91-4b4e-b8f9-f3fefeae8530}" rowspan="4" colspan="1" auto="false" ordinalvalue="10000">
                                <labels>
                                  <label description="Artigos de Conhecimentos Publicados" languagecode="1046" />
                                </labels>
                                <control indicationOfSubgrid="true" id="Artigos" classid="{E7A81278-8635-4D9E-8D4D-59480B391C5B}">
                                  <parameters>
                                    <RecordsPerPage>4</RecordsPerPage>
                                    <AutoExpand>Fixed</AutoExpand>
                                    <EnableQuickFind>false</EnableQuickFind>
                                    <EnableViewPicker>false</EnableViewPicker>
                                    <EnableChartPicker>true</EnableChartPicker>
                                    <ChartGridMode>All</ChartGridMode>
                                    <RelationshipName>edea_Incident_KnowledgeArticle_KnowledgeArticle</RelationshipName>
                                    <TargetEntityType>knowledgearticle</TargetEntityType>
                                    <ViewId>{90CA108E-A83A-4065-BA7B-98EC54B57400}</ViewId>
                                    <ViewIds>{74AD0068-53AE-47A1-B98C-A7132FC9F91E},{90CA108E-A83A-4065-BA7B-98EC54B57400}</ViewIds>
                                    <VisualizationId>{0623BE93-7C3B-E511-80D1-00155DB10D2B}</VisualizationId>
                                  </parameters>
                                </control>
                              </cell>
                            </row>
                            <row />
                            <row />
                            <row />
                          </rows>
                        </section>
                      </sections>
                    </column>
                  </columns>
                </tab>
                <tab name="Details" id="{1d840db5-11ab-4b32-928e-92855404bd66}" IsUserDefined="0" locklevel="0" showlabel="true" expanded="false" ordinalvalue="1">
                  <columns>
                    <column width="34%" id="0">
                      <sections>
                        <section name="Case Details" showlabel="true" showbar="false" locklevel="0" id="{17fb3051-af36-44fb-bac8-594dabd7db33}" IsUserDefined="0" layout="varwidth" columns="1" labelwidth="115" celllabelalignment="Left" celllabelposition="Left" ordinalvalue="0">
                          <rows>
                            <row>
                              <cell id="{d4a4caaa-94de-4c1c-8e09-a89cc229eff6}" showlabel="true" locklevel="0" ordinalvalue="10000">
                                <labels>
                                  <label description="Título da Ocorrência" languagecode="1046" solutionaction="Modified" />
                                </labels>
                              </cell>
                            </row>
                            <row>
                              <cell id="{10e3f3db-f7e4-42de-99b3-847ceb14d783}" showlabel="true" locklevel="0" ordinalvalue="10002">
                                <labels>
                                  <label description="Cliente" languagecode="1046" solutionaction="Modified" />
                                </labels>
                              </cell>
                            </row>
                            <row>
                              <cell id="{6b0f730e-8289-4730-b116-74ebb2465d94}" showlabel="true" locklevel="0" ordinalvalue="10003">
                                <labels>
                                  <label description="Assunto" languagecode="1046" solutionaction="Modified" />
                                </labels>
                              </cell>
                            </row>
                            <row>
                              <cell id="{3688e3b6-2b2f-4b77-8b16-a1fd8063b18b}" showlabel="true" locklevel="0" ordinalvalue="10004">
                                <labels>
                                  <label description="Origem" languagecode="1046" solutionaction="Modified" />
                                </labels>
                              </cell>
                            </row>
                            <row>
                              <cell id="{06f2337b-0ba8-4993-8da8-dd0cec675ca7}" showlabel="true" locklevel="0" ordinalvalue="10005">
                                <labels>
                                  <label description="Contato" languagecode="1046" solutionaction="Modified" />
                                </labels>
                              </cell>
                            </row>
                            <row>
                              <cell id="{0b03f8b1-d0f6-40ed-9593-ad476c8da3c7}" ordinalvalue="10006">
                                <labels>
                                  <label description="Produto" languagecode="1046" solutionaction="Modified" />
                                </labels>
                              </cell>
                            </row>
                            <row>
                              <cell id="{c6a4b5d1-73ee-4ba0-ba39-7e0b078ca491}" showlabel="true" locklevel="0" ordinalvalue="10007">
                                <labels>
                                  <label description="Direito" languagecode="1046" solutionaction="Modified" />
                                </labels>
                              </cell>
                            </row>
                            <row>
                              <cell id="{7b9ae622-46d6-211a-5e78-d7a04683deea}" showlabel="true" locklevel="0" ordinalvalue="10008">
                                <labels>
                                  <label description="Alerta de IoT" languagecode="1046" solutionaction="Modified" />
                                </labels>
                              </cell>
                            </row>
                          </rows>
                        </section>
                        <section id="{60d4e9e9-a10e-45e6-b6d5-5a36776cb72e}" columns="1" showlabel="true" showbar="false" IsUserDefined="0" locklevel="0" height="auto" ordinalvalue="1">
                          <rows>
                            <row>
                              <cell id="{eabe87d5-4a33-4fea-9baa-7b5c39a10ebe}" showlabel="false" locklevel="0" rowspan="8" auto="true" ordinalvalue="10000">
                                <labels>
                                  <label description="Descrição" languagecode="1046" solutionaction="Modified" />
                                </labels>
                              </cell>
                            </row>
                          </rows>
                        </section>
                      </sections>
                    </column>
                    <column width="33%" id="1">
                      <sections>
                        <section name="Additional Details" showlabel="true" showbar="false" locklevel="0" id="{53e72326-a866-46f8-b5a5-635836f92145}" IsUserDefined="0" layout="varwidth" columns="1" labelwidth="115" celllabelalignment="Left" celllabelposition="Left" ordinalvalue="0">
                          <rows>
                            <row>
                              <cell id="{e1556de9-7308-4426-9d55-f6ca6846ec46}" showlabel="true" locklevel="0" ordinalvalue="10001">
                                <labels>
                                  <label description="Ocorrência Principal" languagecode="1046" solutionaction="Modified" />
                                </labels>
                              </cell>
                            </row>
                            <row>
                              <cell id="{40ed2015-5127-461f-8cda-8f2cc0043cba}" showlabel="true" locklevel="0" ordinalvalue="10002">
                                <labels>
                                  <label description="Foi Escalonado" languagecode="1046" solutionaction="Modified" />
                                </labels>
                              </cell>
                            </row>
                            <row>
                              <cell id="{0ac33529-ebdb-4c86-981a-2706eb8e4e30}" showlabel="true" locklevel="0" ordinalvalue="10003">
                                <labels>
                                  <label description="Escalonado Em" languagecode="1046" solutionaction="Modified" />
                                </labels>
                              </cell>
                            </row>
                            <row>
                              <cell id="{96c8d2c2-6062-4d29-bf28-53d5d13b200c}" showlabel="true" locklevel="0" ordinalvalue="10004">
                                <labels>
                                  <label description="Acompanhamento até" languagecode="1046" solutionaction="Modified" />
                                </labels>
                              </cell>
                            </row>
                            <row>
                              <cell id="{7ebd9944-2069-49fc-af94-cbdc27da64ea}" showlabel="true" locklevel="0" ordinalvalue="10005">
                                <labels>
                                  <label description="Primeira Resposta Enviada" languagecode="1046" solutionaction="Modified" />
                                </labels>
                              </cell>
                            </row>
                          </rows>
                        </section>
                        <section name="Applicable SLA(STANDARD)" showlabel="true" showbar="false" locklevel="0" id="{9bbc079e-f433-4759-be2a-756fec3c0ee4}" IsUserDefined="0" layout="varwidth" columns="1" labelwidth="115" celllabelalignment="Left" celllabelposition="Left" ordinalvalue="1">
                          <rows>
                            <row>
                              <cell id="{b9e47c37-e9bd-46d0-837b-e2bf008fe8e5}" showlabel="true" locklevel="0" ordinalvalue="10000">
                                <labels>
                                  <label description="Primeira Resposta por" languagecode="1046" solutionaction="Modified" />
                                </labels>
                              </cell>
                            </row>
                            <row>
                              <cell id="{52a189d6-1230-4f1d-aa6c-9909b269c2da}" showlabel="true" locklevel="0" ordinalvalue="10001">
                                <labels>
                                  <label description="Resolver por" languagecode="1046" solutionaction="Modified" />
                                </labels>
                              </cell>
                            </row>
                          </rows>
                        </section>
                      </sections>
                    </column>
                    <column width="33%" id="2">
                      <sections>
                        <section name="Social Response" showlabel="true" showbar="false" locklevel="0" id="{2187e4fb-5940-465a-9a37-3ac907a64e5b}" IsUserDefined="0" layout="varwidth" columns="1" labelwidth="115" celllabelalignment="Left" celllabelposition="Left" ordinalvalue="0">
                          <rows>
                            <row>
                              <cell id="{0fc341d7-3c79-45ae-b943-b588c75e54c2}" showlabel="true" locklevel="0" ordinalvalue="10000">
                                <labels>
                                  <label description="Perfil Social" languagecode="1046" solutionaction="Modified" />
                                </labels>
                              </cell>
                            </row>
                            <row>
                              <cell id="{d518eeba-8636-4318-9995-ed551aebfb63}" showlabel="true" locklevel="0" ordinalvalue="10001">
                                <labels>
                                  <label description="Recebido como" languagecode="1046" solutionaction="Modified" />
                                </labels>
                              </cell>
                            </row>
                            <row>
                              <cell id="{0801a6d1-caee-4a20-b499-775641cf9b95}" showlabel="true" locklevel="0" ordinalvalue="10002">
                                <labels>
                                  <label description="Pontuação de Influência" languagecode="1046" solutionaction="Modified" />
                                </labels>
                              </cell>
                            </row>
                            <row>
                              <cell id="{158b372d-5af9-40c7-b9fb-d6e4b43b2f62}" showlabel="true" locklevel="0" ordinalvalue="10003">
                                <labels>
                                  <label description="Valor de Sentimento" languagecode="1046" solutionaction="Modified" />
                                </labels>
                              </cell>
                            </row>
                            <row>
                              <cell id="{ecc0ff6d-95eb-45ed-863e-13e68ce3c1b5}" showlabel="true" locklevel="0" ordinalvalue="10004">
                                <labels>
                                  <label description="Perfil Bloqueado" languagecode="1046" solutionaction="Modified" />
                                </labels>
                              </cell>
                            </row>
                          </rows>
                        </section>
                      </sections>
                    </column>
                  </columns>
                </tab>
                <tab name="CASERELATIONSHIP_TAB" id="{ffa6d363-c7d5-47da-a342-f5fb409f276c}" IsUserDefined="0" showlabel="true" expanded="true" ordinalvalue="2">
                  <columns>
                    <column width="33%" id="2">
                      <sections>
                        <section name="Solutions" showlabel="false" showbar="false" id="{495d18ec-aaba-483d-8684-822969df46b1}" IsUserDefined="0" layout="varwidth" labelwidth="102" celllabelposition="Left" columns="1" ordinalvalue="1">
                          <rows />
                        </section>
                      </sections>
                    </column>
                  </columns>
                </tab>
                <tab name="DeviceInsightsTab" id="{cd56a9ac-4512-3e46-8286-c1831749e9eb}" IsUserDefined="0" locklevel="0" showlabel="true" expanded="true" visible="false" availableforphone="false" ordinalvalue="4">
                  <columns>
                    <column width="100%" id="0">
                      <sections>
                        <section name="DeviceInsightsSection" showlabel="false" showbar="false" locklevel="0" id="{2b5beda1-34b5-de34-81e6-a9c7d8016614}" IsUserDefined="0" layout="varwidth" columns="1" labelwidth="115" celllabelalignment="Left" celllabelposition="Left" ordinalvalue="0">
                          <rows>
                            <row>
                              <cell id="{b0dade1a-b71d-14ec-eb6e-19dbae078b36}" showlabel="false" locklevel="0" ordinalvalue="10000">
                                <control id="msdyn_iotalert" classid="{F9A8A302-114E-466A-B582-6771B2AE0D92}" datafieldname="msdyn_iotalert" disabled="false" uniqueid="{7D76B127-7A2B-0C17-1BDD-89BA3B692C14}" />
                              </cell>
                            </row>
                          </rows>
                        </section>
                      </sections>
                    </column>
                  </columns>
                </tab>
              </tabs>
              <header id="{d7a114ae-39da-49c5-8e76-2da36251e64f}" celllabelposition="Top" columns="1111" labelwidth="115">
                <rows>
                  <row>
                    <cell id="{657f908a-233e-4ac7-8688-9b659d8ba73a}" showlabel="true" ordinalvalue="10000">
                      <labels>
                        <label description="Prioridade" languagecode="1046" solutionaction="Modified" />
                      </labels>
                    </cell>
                    <cell id="{3f6d4e94-f4db-47b7-9b9b-7a908adfe5b6}" showlabel="true" ordinalvalue="20001">
                      <labels>
                        <label description="Criado(a) em" languagecode="1046" solutionaction="Modified" />
                      </labels>
                    </cell>
                    <cell id="{6faa07f6-4a02-4f48-8c3c-91e160884aa6}" ordinalvalue="40003">
                      <labels>
                        <label description="Proprietário" languagecode="1046" solutionaction="Modified" />
                      </labels>
                    </cell>
                  </row>
                </rows>
              </header>
              <footer id="{2e1bf978-9a42-4e6c-8ab5-fa8786f2cec9}" celllabelposition="Top" columns="111" labelwidth="115" celllabelalignment="Left" solutionaction="Added">
                <rows>
                  <row>
                    <cell id="{d97d39c8-62a0-4f14-a880-83c6a64cf4b7}" showlabel="false" ordinalvalue="10000">
                      <labels>
                        <label description="" languagecode="1046" />
                      </labels>
                    </cell>
                    <cell id="{cc10c83e-7df1-443f-9417-07d41f6cc7b2}" showlabel="false" ordinalvalue="20001">
                      <labels>
                        <label description="" languagecode="1046" />
                      </labels>
                    </cell>
                    <cell id="{9683ee76-f1bd-4ec5-a500-aa6d27e5e0db}" showlabel="false" ordinalvalue="30002">
                      <labels>
                        <label description="" languagecode="1046" />
                      </labels>
                    </cell>
                  </row>
                </rows>
              </footer>
            </form>
            <LocalizedNames>
              <LocalizedName description="Ocorrência para Experiência Interativa" languagecode="1046" />
            </LocalizedNames>
            <Descriptions>
              <Description description="Formulário Ocorrência para experiência interativa padrão." languagecode="1046" />
            </Descriptions>
          </systemform>
        </forms>
      </FormXml>
      <SavedQueries>
        <savedqueries>
          <savedquery>
            <isquickfindquery>0</isquickfindquery>
            <isprivate>0</isprivate>
            <isdefault>0</isdefault>
            <savedqueryid>{00000000-0000-0000-00aa-000010001032}</savedqueryid>
            <queryapi></queryapi>
            <layoutxml>
              <grid name="resultset" jump="title" select="1" icon="1" preview="1">
                <row name="result" id="incidentid">
                  <cell name="title" width="300" />
                  <cell name="ticketnumber" width="150" />
                  <cell name="prioritycode" width="150" />
                  <cell name="caseorigincode" width="100" />
                  <cell name="customerid" width="150" />
                  <cell name="ownerid" width="150" />
                  <cell name="statuscode" width="150" />
                  <cell name="createdon" width="150" />
                </row>
              </grid>
            </layoutxml>
            <querytype>0</querytype>
            <fetchxml>
              <fetch version="1.0" output-format="xml-platform" mapping="logical">
                <entity name="incident">
                  <attribute name="incidentid" />
                  <attribute name="ticketnumber" />
                  <attribute name="prioritycode" />
                  <attribute name="title" />
                  <attribute name="customerid" />
                  <attribute name="ownerid" />
                  <attribute name="statuscode" />
                  <attribute name="createdon" />
                  <attribute name="caseorigincode" />
                  <filter>
                    <condition attribute="statecode" operator="eq" value="0" />
                  </filter>
                  <order attribute="createdon" descending="true" />
                </entity>
              </fetch>
            </fetchxml>
            <IntroducedVersion>6.0.0.0</IntroducedVersion>
            <LocalizedNames>
              <LocalizedName description="Ocorrências Ativas" languagecode="1046" />
            </LocalizedNames>
          </savedquery>
        </savedqueries>
      </SavedQueries>
      <RibbonDiffXml>
        <CustomActions />
        <Templates>
          <RibbonTemplates Id="Mscrm.Templates"></RibbonTemplates>
        </Templates>
        <CommandDefinitions />
        <RuleDefinitions>
          <TabDisplayRules />
          <DisplayRules />
          <EnableRules />
        </RuleDefinitions>
        <LocLabels />
      </RibbonDiffXml>
    </Entity>
    <Entity>
      <Name LocalizedName="Artigo de Conhecimento" OriginalName="">KnowledgeArticle</Name>
      <EntityInfo>
        <entity Name="KnowledgeArticle" unmodified="1">
          <attributes />
        </entity>
      </EntityInfo>
      <RibbonDiffXml>
        <CustomActions />
        <Templates>
          <RibbonTemplates Id="Mscrm.Templates"></RibbonTemplates>
        </Templates>
        <CommandDefinitions />
        <RuleDefinitions>
          <TabDisplayRules />
          <DisplayRules />
          <EnableRules />
        </RuleDefinitions>
        <LocLabels />
      </RibbonDiffXml>
    </Entity>
    <Entity>
      <Name LocalizedName="Processo do Telefone até a Ocorrência" OriginalName="Telefone para Processo de Ocorrências">PhoneToCaseProcess</Name>
      <EntityInfo>
        <entity Name="PhoneToCaseProcess">
          <attributes>
            <attribute PhysicalName="IncidentId">
              <Type>lookup</Type>
              <Name>incidentid</Name>
              <LogicalName>incidentid</LogicalName>
              <RequiredLevel>none</RequiredLevel>
              <DisplayMask>ValidForAdvancedFind|ValidForForm|ValidForGrid</DisplayMask>
              <ImeMode>auto</ImeMode>
              <ValidForUpdateApi>1</ValidForUpdateApi>
              <ValidForReadApi>1</ValidForReadApi>
              <ValidForCreateApi>1</ValidForCreateApi>
              <IsCustomField>0</IsCustomField>
              <IsAuditEnabled>1</IsAuditEnabled>
              <IsSecured>0</IsSecured>
              <IntroducedVersion>8.2.0.0</IntroducedVersion>
              <SourceType>0</SourceType>
              <IsGlobalFilterEnabled>0</IsGlobalFilterEnabled>
              <IsSortableEnabled>0</IsSortableEnabled>
              <IsDataSourceSecret>0</IsDataSourceSecret>
              <AutoNumberFormat></AutoNumberFormat>
              <IsSearchable>0</IsSearchable>
              <IsFilterable>0</IsFilterable>
              <IsRetrievable>0</IsRetrievable>
              <IsLocalizable>0</IsLocalizable>
              <LookupStyle>single</LookupStyle>
              <LookupTypes>
                <LookupType id="00000000-0000-0000-0000-000000000000">112</LookupType>
              </LookupTypes>
              <displaynames>
                <displayname description="Incidente" languagecode="1046" />
              </displaynames>
              <Descriptions>
                <Description description="Identificador exclusivo do fluxo de trabalho associado à instância do Fluxo do Processo Empresarial." languagecode="1046" />
              </Descriptions>
            </attribute>
          </attributes>
          <EntitySetName>phonetocaseprocesses</EntitySetName>
          <IsDuplicateCheckSupported>0</IsDuplicateCheckSupported>
          <IsBusinessProcessEnabled>0</IsBusinessProcessEnabled>
          <IsRequiredOffline>0</IsRequiredOffline>
          <IsInteractionCentricEnabled>0</IsInteractionCentricEnabled>
          <IsCollaboration>0</IsCollaboration>
          <AutoRouteToOwnerQueue>0</AutoRouteToOwnerQueue>
          <IsConnectionsEnabled>0</IsConnectionsEnabled>
          <IsDocumentManagementEnabled>0</IsDocumentManagementEnabled>
          <AutoCreateAccessTeams>0</AutoCreateAccessTeams>
          <IsOneNoteIntegrationEnabled>0</IsOneNoteIntegrationEnabled>
          <IsKnowledgeManagementEnabled>0</IsKnowledgeManagementEnabled>
          <IsSLAEnabled>0</IsSLAEnabled>
          <IsDocumentRecommendationsEnabled>0</IsDocumentRecommendationsEnabled>
          <IsBPFEntity>1</IsBPFEntity>
          <OwnershipTypeMask>OrgOwned</OwnershipTypeMask>
          <IsAuditEnabled>0</IsAuditEnabled>
          <IsRetrieveAuditEnabled>0</IsRetrieveAuditEnabled>
          <IsRetrieveMultipleAuditEnabled>0</IsRetrieveMultipleAuditEnabled>
          <IsActivity>0</IsActivity>
          <ActivityTypeMask></ActivityTypeMask>
          <IsActivityParty>0</IsActivityParty>
          <IsReplicated>1</IsReplicated>
          <IsReplicationUserFiltered>0</IsReplicationUserFiltered>
          <IsMailMergeEnabled>0</IsMailMergeEnabled>
          <IsVisibleInMobile>0</IsVisibleInMobile>
          <IsVisibleInMobileClient>1</IsVisibleInMobileClient>
          <IsReadOnlyInMobileClient>0</IsReadOnlyInMobileClient>
          <IsOfflineInMobileClient>1</IsOfflineInMobileClient>
          <DaysSinceRecordLastModified>0</DaysSinceRecordLastModified>
          <MobileOfflineFilters></MobileOfflineFilters>
          <IsMapiGridEnabled>0</IsMapiGridEnabled>
          <IsReadingPaneEnabled>1</IsReadingPaneEnabled>
          <IsQuickCreateEnabled>0</IsQuickCreateEnabled>
          <SyncToExternalSearchIndex>0</SyncToExternalSearchIndex>
          <IntroducedVersion>8.2.0.0</IntroducedVersion>
          <EnforceStateTransitions>0</EnforceStateTransitions>
          <EntityHelpUrlEnabled>0</EntityHelpUrlEnabled>
          <ChangeTrackingEnabled>1</ChangeTrackingEnabled>
          <IsEnabledForExternalChannels>0</IsEnabledForExternalChannels>
          <IsMSTeamsIntegrationEnabled>0</IsMSTeamsIntegrationEnabled>
          <IsSolutionAware>0</IsSolutionAware>
        </entity>
      </EntityInfo>
      <FormXml>
        <forms type="main">
          <systemform>
            <formid>{9774341b-bb15-44b8-b7fa-2ad3aadefa62}</formid>
            <IntroducedVersion>8.2.0.0</IntroducedVersion>
            <FormPresentation>0</FormPresentation>
            <FormActivationState>1</FormActivationState>
            <form>
              <hiddencontrols solutionaction="Removed" />
              <tabs>
                <tab name="general" id="{9575be08-9fcc-7761-ccdc-7e9d414c5874}" IsUserDefined="0" locklevel="0" showlabel="true" expanded="true" ordinalvalue="0" solutionaction="Removed" />
                <tab verticallayout="true" id="{15322a8f-67b8-47fb-8763-13a28686c29d}" name="StageStep3" locklevel="0" expanded="true" visible="false" labelid="{787c4c16-2b38-40ee-ba0d-41d4571ed6a6}" ordinalvalue="0" solutionaction="Added">
                  <labels>
                    <label description="Identifica" languagecode="1046" />
                  </labels>
                  <columns>
                    <column width="100%" id="0">
                      <sections>
                        <section showbar="false" columns="1" id="{9e9873f9-7dad-cec7-4cf3-2deb4269fb4c}" name="StageStep3_section1" labelid="{6f19c7f5-1dff-4468-bb80-d4eb8d4a0daf}" ordinalvalue="0">
                          <labels>
                            <label description="Identifica" languagecode="1046" />
                          </labels>
                          <rows>
                            <row>
                              <cell id="{da61c8c0-157b-447c-a05e-c1b2f0ec3109}" showlabel="true" visible="true" labelid="{c467b85e-1a32-4898-975f-889696165e07}" ordinalvalue="10000">
                                <labels>
                                  <label description="Cliente" languagecode="1046" />
                                </labels>
                                <control id="lk_phonetocaseprocess_incidentid:customer" classid="{270bd3db-d9af-4782-9025-509e298dec0a}" datafieldname="customerid" disabled="false" relationship="lk_phonetocaseprocess_incidentid" isrequired="false" />
                              </cell>
                            </row>
                            <row>
                              <cell id="{ae92c570-f904-45ed-950a-f09b1f37acfd}" showlabel="true" visible="true" labelid="{9fc4509a-86eb-4009-9935-16eda5580bc9}" ordinalvalue="10001">
                                <labels>
                                  <label description="Tipo de Atendimento" languagecode="1046" />
                                </labels>
                                <control id="lk_phonetocaseprocess_incidentid:crd52_tipodeatendimento" classid="{3ef39988-22bb-4f0b-bbbe-64b5a3748aee}" datafieldname="crd52_tipodeatendimento" disabled="false" relationship="lk_phonetocaseprocess_incidentid" isrequired="false" />
                              </cell>
                            </row>
                            <row>
                              <cell id="{3c4f10bd-9acf-4e57-b4f1-013fc9d4b86c}" showlabel="true" visible="true" labelid="{59124e28-3ac0-4092-adbb-7843e065e63d}" ordinalvalue="10002">
                                <labels>
                                  <label description="Prioridade" languagecode="1046" />
                                </labels>
                                <control id="lk_phonetocaseprocess_incidentid:prioritycode" classid="{3ef39988-22bb-4f0b-bbbe-64b5a3748aee}" datafieldname="prioritycode" disabled="false" relationship="lk_phonetocaseprocess_incidentid" isrequired="false" />
                              </cell>
                            </row>
                          </rows>
                        </section>
                      </sections>
                    </column>
                  </columns>
                </tab>
                <tab verticallayout="true" id="{92a6721b-d465-4d36-aef7-e8822d7a5a6a}" name="StageStep11" locklevel="0" expanded="true" visible="false" labelid="{71e84e53-8cba-43bd-965c-d2e16a9c3d13}" ordinalvalue="1" solutionaction="Added">
                  <labels>
                    <label description="Pesquisa" languagecode="1046" />
                  </labels>
                  <columns>
                    <column width="100%" id="0">
                      <sections>
                        <section showbar="false" columns="1" id="{02997a39-87df-b30d-49ba-c56269d70037}" name="StageStep11_section1" labelid="{478a8f20-33fb-4657-bb82-d26e653007cc}" ordinalvalue="0">
                          <labels>
                            <label description="Pesquisa" languagecode="1046" />
                          </labels>
                          <rows>
                            <row>
                              <cell id="{aea69bed-0f7e-4e27-87a8-5e16f8a8bce3}" showlabel="true" visible="true" labelid="{f41f8bee-3e53-4ced-9f7e-7e920dc5059f}" ordinalvalue="10000">
                                <labels>
                                  <label description="Atribuir" languagecode="1046" />
                                </labels>
                                <control id="lk_phonetocaseprocess_incidentid:ownerid" classid="{270bd3db-d9af-4782-9025-509e298dec0a}" datafieldname="ownerid" disabled="false" relationship="lk_phonetocaseprocess_incidentid" isrequired="false" />
                              </cell>
                            </row>
                          </rows>
                        </section>
                      </sections>
                    </column>
                  </columns>
                </tab>
                <tab verticallayout="true" id="{356ecd08-43c3-4585-ae94-6053984bc0a9}" name="StageStep17" locklevel="0" expanded="true" visible="false" labelid="{742299c5-2dcb-49c5-9c40-9e166d44fccd}" ordinalvalue="2" solutionaction="Added">
                  <labels>
                    <label description="Resolve" languagecode="1046" />
                  </labels>
                  <columns>
                    <column width="100%" id="0">
                      <sections>
                        <section showbar="false" columns="1" id="{92ae77a1-a416-d33c-6c67-c9a8369d63c2}" name="StageStep17_section1" labelid="{be631165-c26e-4392-9a53-44f7576fde25}" ordinalvalue="0">
                          <labels>
                            <label description="Resolve" languagecode="1046" />
                          </labels>
                          <rows>
                            <row>
                              <cell id="{bce664c2-8763-43e5-8003-381ab3df9b38}" showlabel="true" visible="true" labelid="{835cc43b-06ee-4136-b909-99bca2bfa770}" ordinalvalue="10000">
                                <labels>
                                  <label description="Ocorrência Resolvida?" languagecode="1046" />
                                </labels>
                                <control id="lk_phonetocaseprocess_incidentid:edea_ocorrenciaresolvida" classid="{e0dece4b-6fc8-4a8f-a065-082708572369}" datafieldname="edea_ocorrenciaresolvida" disabled="false" relationship="lk_phonetocaseprocess_incidentid" isrequired="false" />
                              </cell>
                            </row>
                          </rows>
                        </section>
                      </sections>
                    </column>
                  </columns>
                </tab>
              </tabs>
              <footer id="{734bf81d-2b59-4ba9-a4c3-5f9685717765}" columns="1" celllabelposition="Left" celllabelalignment="Left" labelwidth="115" solutionaction="Removed" />
            </form>
            <LocalizedNames>
              <LocalizedName description="PhoneToCaseProcess" languagecode="1046" />
            </LocalizedNames>
          </systemform>
        </forms>
      </FormXml>
      <RibbonDiffXml>
        <CustomActions />
        <Templates>
          <RibbonTemplates Id="Mscrm.Templates"></RibbonTemplates>
        </Templates>
        <CommandDefinitions />
        <RuleDefinitions>
          <TabDisplayRules />
          <DisplayRules />
          <EnableRules />
        </RuleDefinitions>
        <LocLabels />
      </RibbonDiffXml>
    </Entity>
  </Entities>
  <Roles></Roles>
  <Workflows>
    <Workflow WorkflowId="{f8bb6068-9577-f011-b4cc-000d3a887e8d}" Name="Copiar de - Cria atividade e ocorrência a partir do agente" Description="When an agent calls the flow and send back a response.">
      <JsonFileName>/Workflows/Copiarde-Criaatividadeeocorrnciaapartirdoagente-F8BB6068-9577-F011-B4CC-000D3A887E8D.json</JsonFileName>
      <Type>1</Type>
      <Subprocess>0</Subprocess>
      <Category>5</Category>
      <Mode>0</Mode>
      <Scope>4</Scope>
      <OnDemand>0</OnDemand>
      <TriggerOnCreate>0</TriggerOnCreate>
      <TriggerOnDelete>0</TriggerOnDelete>
      <AsyncAutodelete>0</AsyncAutodelete>
      <SyncWorkflowLogOnFailure>0</SyncWorkflowLogOnFailure>
      <StateCode>1</StateCode>
      <StatusCode>2</StatusCode>
      <RunAs>1</RunAs>
      <IsTransacted>1</IsTransacted>
      <IntroducedVersion>1.0</IntroducedVersion>
      <IsCustomizable>1</IsCustomizable>
      <BusinessProcessType>0</BusinessProcessType>
      <IsCustomProcessingStepAllowedForOtherPublishers>1</IsCustomProcessingStepAllowedForOtherPublishers>
      <ModernFlowType>0</ModernFlowType>
      <PrimaryEntity>none</PrimaryEntity>
      <LocalizedNames>
        <LocalizedName languagecode="1046" description="Copiar de - Cria atividade e ocorrência a partir do agente" />
      </LocalizedNames>
      <Descriptions>
        <Description languagecode="1046" description="When an agent calls the flow and send back a response." />
      </Descriptions>
    </Workflow>
    <Workflow WorkflowId="{9254af8c-736c-f011-b4cc-002248378ab7}" Name="Cria atividade e ocorrência a partir do agente" Description="When an agent calls the flow and send back a response.">
      <JsonFileName>/Workflows/Criaatividadeeocorrnciaapartirdoagente-9254AF8C-736C-F011-B4CC-002248378AB7.json</JsonFileName>
      <Type>1</Type>
      <Subprocess>0</Subprocess>
      <Category>5</Category>
      <Mode>0</Mode>
      <Scope>4</Scope>
      <OnDemand>0</OnDemand>
      <TriggerOnCreate>0</TriggerOnCreate>
      <TriggerOnDelete>0</TriggerOnDelete>
      <AsyncAutodelete>0</AsyncAutodelete>
      <SyncWorkflowLogOnFailure>0</SyncWorkflowLogOnFailure>
      <StateCode>1</StateCode>
      <StatusCode>2</StatusCode>
      <RunAs>1</RunAs>
      <IsTransacted>1</IsTransacted>
      <IntroducedVersion>1.0</IntroducedVersion>
      <IsCustomizable>1</IsCustomizable>
      <BusinessProcessType>0</BusinessProcessType>
      <IsCustomProcessingStepAllowedForOtherPublishers>1</IsCustomProcessingStepAllowedForOtherPublishers>
      <ModernFlowType>1</ModernFlowType>
      <PrimaryEntity>none</PrimaryEntity>
      <LocalizedNames>
        <LocalizedName languagecode="1046" description="Cria atividade e ocorrência a partir do agente" />
      </LocalizedNames>
      <Descriptions>
        <Description languagecode="1046" description="When an agent calls the flow and send back a response." />
      </Descriptions>
    </Workflow>
    <Workflow WorkflowId="{00b4d566-f167-f011-bec3-002248378ab7}" Name="Exibir Prioridade Problema" Description="Quando o &quot;Tipo de Atendimento&quot; for &quot;Problema&quot; o campo Prioridade deve ser obrigatório.">
      <XamlFileName>/Workflows/ExibirPrioridadeProblema-00B4D566-F167-F011-BEC3-002248378AB7.xaml</XamlFileName>
      <Type>1</Type>
      <Subprocess>0</Subprocess>
      <Category>2</Category>
      <Mode>1</Mode>
      <Scope>4</Scope>
      <OnDemand>0</OnDemand>
      <TriggerOnCreate>0</TriggerOnCreate>
      <TriggerOnDelete>0</TriggerOnDelete>
      <AsyncAutodelete>0</AsyncAutodelete>
      <SyncWorkflowLogOnFailure>0</SyncWorkflowLogOnFailure>
      <StateCode>1</StateCode>
      <StatusCode>2</StatusCode>
      <RunAs>1</RunAs>
      <IsTransacted>1</IsTransacted>
      <IntroducedVersion>1.0.0.0</IntroducedVersion>
      <IsCustomizable>1</IsCustomizable>
      <BusinessProcessType>0</BusinessProcessType>
      <IsCustomProcessingStepAllowedForOtherPublishers>1</IsCustomProcessingStepAllowedForOtherPublishers>
      <ProcessTriggerScope>2</ProcessTriggerScope>
      <ModernFlowType>0</ModernFlowType>
      <PrimaryEntity>Incident</PrimaryEntity>
      <LocalizedNames>
        <LocalizedName languagecode="1046" description="Exibir Prioridade Problema" />
      </LocalizedNames>
      <Descriptions>
        <Description languagecode="1046" description="Quando o &quot;Tipo de Atendimento&quot; for &quot;Problema&quot; o campo Prioridade deve ser obrigatório." />
      </Descriptions>
    </Workflow>
    <Workflow WorkflowId="{3bb1a0ee-5469-f011-bec3-002248378ab7}" Name="Notificação e Tarefa - Nova Ocorrência">
      <JsonFileName>/Workflows/NotificaoeTarefa-NovaOcorrncia-3BB1A0EE-5469-F011-BEC3-002248378AB7.json</JsonFileName>
      <Type>1</Type>
      <Subprocess>0</Subprocess>
      <Category>5</Category>
      <Mode>0</Mode>
      <Scope>4</Scope>
      <OnDemand>0</OnDemand>
      <TriggerOnCreate>0</TriggerOnCreate>
      <TriggerOnDelete>0</TriggerOnDelete>
      <AsyncAutodelete>0</AsyncAutodelete>
      <SyncWorkflowLogOnFailure>0</SyncWorkflowLogOnFailure>
      <StateCode>1</StateCode>
      <StatusCode>2</StatusCode>
      <RunAs>1</RunAs>
      <IsTransacted>1</IsTransacted>
      <IntroducedVersion>1.0.0.0</IntroducedVersion>
      <IsCustomizable>1</IsCustomizable>
      <BusinessProcessType>0</BusinessProcessType>
      <IsCustomProcessingStepAllowedForOtherPublishers>1</IsCustomProcessingStepAllowedForOtherPublishers>
      <ModernFlowType>0</ModernFlowType>
      <PrimaryEntity>none</PrimaryEntity>
      <LocalizedNames>
        <LocalizedName languagecode="1046" description="Notificação e Tarefa - Nova Ocorrência" />
      </LocalizedNames>
    </Workflow>
    <Workflow WorkflowId="{7388af80-90bf-b8ba-e981-2ae3f98e47c8}" Name="Busca Contato" Description="When an agent calls the flow and send back a response.">
      <JsonFileName>/Workflows/BuscaContato-7388AF80-90BF-B8BA-E981-2AE3F98E47C8.json</JsonFileName>
      <Type>1</Type>
      <Subprocess>0</Subprocess>
      <Category>5</Category>
      <Mode>0</Mode>
      <Scope>4</Scope>
      <OnDemand>0</OnDemand>
      <TriggerOnCreate>0</TriggerOnCreate>
      <TriggerOnDelete>0</TriggerOnDelete>
      <AsyncAutodelete>0</AsyncAutodelete>
      <SyncWorkflowLogOnFailure>0</SyncWorkflowLogOnFailure>
      <StateCode>1</StateCode>
      <StatusCode>2</StatusCode>
      <RunAs>1</RunAs>
      <IsTransacted>1</IsTransacted>
      <IntroducedVersion>1.0</IntroducedVersion>
      <IsCustomizable>1</IsCustomizable>
      <BusinessProcessType>0</BusinessProcessType>
      <IsCustomProcessingStepAllowedForOtherPublishers>1</IsCustomProcessingStepAllowedForOtherPublishers>
      <ModernFlowType>1</ModernFlowType>
      <PrimaryEntity>none</PrimaryEntity>
      <LocalizedNames>
        <LocalizedName languagecode="1046" description="Busca Contato" />
      </LocalizedNames>
      <Descriptions>
        <Description languagecode="1046" description="When an agent calls the flow and send back a response." />
      </Descriptions>
    </Workflow>
    <Workflow WorkflowId="{0ffbcde4-61c1-4355-aa89-aa1d7b2b8792}" Name="Processo do Telefone até a Ocorrência" Description="Este é o fluxo de processo padrão para trabalhar em uma ocorrência.">
      <XamlFileName>/Workflows/ProcessodoTelefoneataOcorrncia-0FFBCDE4-61C1-4355-AA89-AA1D7B2B8792.xaml</XamlFileName>
      <Type>1</Type>
      <Subprocess>0</Subprocess>
      <Category>4</Category>
      <Mode>0</Mode>
      <Scope>4</Scope>
      <OnDemand>0</OnDemand>
      <TriggerOnCreate>1</TriggerOnCreate>
      <TriggerOnDelete>0</TriggerOnDelete>
      <AsyncAutodelete>0</AsyncAutodelete>
      <SyncWorkflowLogOnFailure>0</SyncWorkflowLogOnFailure>
      <StateCode>1</StateCode>
      <StatusCode>2</StatusCode>
      <processorder>0</processorder>
      <RunAs>1</RunAs>
      <UniqueName>phonetocaseprocess</UniqueName>
      <IsTransacted>1</IsTransacted>
      <IntroducedVersion>6.0.0.0</IntroducedVersion>
      <BusinessProcessType>0</BusinessProcessType>
      <IsCustomProcessingStepAllowedForOtherPublishers>1</IsCustomProcessingStepAllowedForOtherPublishers>
      <ProcessTriggerScope>1</ProcessTriggerScope>
      <ModernFlowType>0</ModernFlowType>
      <PrimaryEntity>Incident</PrimaryEntity>
      <LocalizedNames>
        <LocalizedName languagecode="1046" description="Processo do Telefone até a Ocorrência" />
      </LocalizedNames>
      <Descriptions>
        <Description languagecode="1046" description="Este é o fluxo de processo padrão para trabalhar em uma ocorrência." />
      </Descriptions>
      <labels>
        <steplabels id="{15322a8f-67b8-47fb-8763-13a28686c29d}">
          <label languagecode="1046" description="Identifica" />
        </steplabels>
        <steplabels id="{da61c8c0-157b-447c-a05e-c1b2f0ec3109}">
          <label languagecode="1046" description="Cliente" />
        </steplabels>
        <steplabels id="{ae92c570-f904-45ed-950a-f09b1f37acfd}">
          <label languagecode="1046" description="Tipo de Atendimento" />
        </steplabels>
        <steplabels id="{3c4f10bd-9acf-4e57-b4f1-013fc9d4b86c}">
          <label languagecode="1046" description="Prioridade" />
        </steplabels>
        <steplabels id="{92a6721b-d465-4d36-aef7-e8822d7a5a6a}">
          <label languagecode="1046" description="Pesquisa" />
        </steplabels>
        <steplabels id="{b26d6809-479d-4c50-b9f7-8c192cee4dbf}">
          <label languagecode="1046" description="Similar Cases" />
        </steplabels>
        <steplabels id="{aea69bed-0f7e-4e27-87a8-5e16f8a8bce3}">
          <label languagecode="1046" description="Atribuir" />
        </steplabels>
        <steplabels id="{356ecd08-43c3-4585-ae94-6053984bc0a9}">
          <label languagecode="1046" description="Resolve" />
        </steplabels>
        <steplabels id="{bce664c2-8763-43e5-8003-381ab3df9b38}">
          <label languagecode="1046" description="Ocorrência Resolvida?" />
        </steplabels>
      </labels>
    </Workflow>
  </Workflows>
  <FieldSecurityProfiles></FieldSecurityProfiles>
  <Templates />
  <EntityMaps />
  <EntityRelationships>
    <EntityRelationship Name="edea_Incident_KnowledgeArticle_KnowledgeArticle">
      <EntityRelationshipType>ManyToMany</EntityRelationshipType>
      <IsCustomizable>1</IsCustomizable>
      <IntroducedVersion>1.0.0.0</IntroducedVersion>
      <IsHierarchical>0</IsHierarchical>
      <FirstEntityName>KnowledgeArticle</FirstEntityName>
      <SecondEntityName>Incident</SecondEntityName>
      <IntersectEntityName>edea_Incident_KnowledgeArticle</IntersectEntityName>
      <IsValidForAdvancedFind>1</IsValidForAdvancedFind>
      <EntityRelationshipRoles>
        <EntityRelationshipRole>
          <NavPaneDisplayOption>UseCollectionName</NavPaneDisplayOption>
          <NavPaneArea>Details</NavPaneArea>
          <NavPaneOrder>10000</NavPaneOrder>
          <NavigationPropertyName>edea_Incident_KnowledgeArticle_KnowledgeArticle</NavigationPropertyName>
          <AssociationRoleOrdinal>1</AssociationRoleOrdinal>
        </EntityRelationshipRole>
        <EntityRelationshipRole>
          <NavPaneDisplayOption>UseCollectionName</NavPaneDisplayOption>
          <NavPaneArea>Details</NavPaneArea>
          <NavPaneOrder>10000</NavPaneOrder>
          <NavigationPropertyName>edea_Incident_KnowledgeArticle_KnowledgeArticle</NavigationPropertyName>
          <AssociationRoleOrdinal>2</AssociationRoleOrdinal>
        </EntityRelationshipRole>
      </EntityRelationshipRoles>
    </EntityRelationship>
  </EntityRelationships>
  <OrganizationSettings />
  <optionsets>
    <optionset Name="crd52_opcoesdeatendimento" localizedName="Opções de Atendimento">
      <OptionSetType>picklist</OptionSetType>
      <IsGlobal>1</IsGlobal>
      <IntroducedVersion>1.0.0.0</IntroducedVersion>
      <IsCustomizable>1</IsCustomizable>
      <ExternalTypeName></ExternalTypeName>
      <displaynames>
        <displayname description="Opções de Atendimento" languagecode="1046" />
      </displaynames>
      <Descriptions>
        <Description description="" languagecode="1046" />
      </Descriptions>
      <options>
        <option value="1" ExternalValue="" IsHidden="0">
          <labels>
            <label description="Problema" languagecode="1046" />
          </labels>
          <Descriptions>
            <Description description="" languagecode="1046" />
          </Descriptions>
        </option>
        <option value="2" ExternalValue="" IsHidden="0">
          <labels>
            <label description="Melhoria" languagecode="1046" />
          </labels>
          <Descriptions>
            <Description description="" languagecode="1046" />
          </Descriptions>
        </option>
      </options>
    </optionset>
  </optionsets>
  <CustomControls />
  <EntityDataProviders />
  <connectionreferences>
    <connectionreference connectionreferencelogicalname="edea_Office365Outlook">
      <connectionreferencedisplayname>Office 365 Outlook</connectionreferencedisplayname>
      <connectorid>/providers/Microsoft.PowerApps/apis/shared_office365</connectorid>
      <iscustomizable>1</iscustomizable>
      <promptingbehavior>0</promptingbehavior>
      <statecode>0</statecode>
      <statuscode>1</statuscode>
    </connectionreference>
    <connectionreference connectionreferencelogicalname="edea_sharedapprovals_41983">
      <connectionreferencedisplayname>Standard approvals ContosoSolutionPRJ2-41983</connectionreferencedisplayname>
      <connectorid>/providers/Microsoft.PowerApps/apis/shared_approvals</connectorid>
      <iscustomizable>1</iscustomizable>
      <promptingbehavior>0</promptingbehavior>
      <statecode>0</statecode>
      <statuscode>1</statuscode>
    </connectionreference>
    <connectionreference connectionreferencelogicalname="edea_sharedcommondataserviceforapps_d4043">
      <connectionreferencedisplayname>Microsoft Dataverse ContosoSolutionPRJ2-d4043</connectionreferencedisplayname>
      <connectorid>/providers/Microsoft.PowerApps/apis/shared_commondataserviceforapps</connectorid>
      <iscustomizable>1</iscustomizable>
      <promptingbehavior>0</promptingbehavior>
      <statecode>0</statecode>
      <statuscode>1</statuscode>
    </connectionreference>
    <connectionreference connectionreferencelogicalname="edea_sharedcommondataserviceforapps_fc0c5">
      <connectionreferencedisplayname>Microsoft Dataverse ContosoSolutionPRJ2-fc0c5</connectionreferencedisplayname>
      <connectorid>/providers/Microsoft.PowerApps/apis/shared_commondataserviceforapps</connectorid>
      <iscustomizable>1</iscustomizable>
      <promptingbehavior>0</promptingbehavior>
      <statecode>0</statecode>
      <statuscode>1</statuscode>
    </connectionreference>
    <connectionreference connectionreferencelogicalname="edea_sharedoffice365_04be6">
      <connectionreferencedisplayname>Office 365 Outlook ContosoSolutionPRJ2-04be6</connectionreferencedisplayname>
      <connectorid>/providers/Microsoft.PowerApps/apis/shared_office365</connectorid>
      <iscustomizable>1</iscustomizable>
      <promptingbehavior>0</promptingbehavior>
      <statecode>0</statecode>
      <statuscode>1</statuscode>
    </connectionreference>
    <connectionreference connectionreferencelogicalname="edea_sharedoffice365_58628">
      <connectionreferencedisplayname>Office 365 Outlook ContosoSolutionPRJ2-58628</connectionreferencedisplayname>
      <connectorid>/providers/Microsoft.PowerApps/apis/shared_office365</connectorid>
      <iscustomizable>1</iscustomizable>
      <promptingbehavior>0</promptingbehavior>
      <statecode>0</statecode>
      <statuscode>1</statuscode>
    </connectionreference>
    <connectionreference connectionreferencelogicalname="new_sharedcommondataserviceforapps_8dea3">
      <connectionreferencedisplayname>Microsoft Dataverse</connectionreferencedisplayname>
      <connectorid>/providers/Microsoft.PowerApps/apis/shared_commondataserviceforapps</connectorid>
      <iscustomizable>1</iscustomizable>
      <promptingbehavior>0</promptingbehavior>
      <statecode>0</statecode>
      <statuscode>1</statuscode>
    </connectionreference>
    <connectionreference connectionreferencelogicalname="new_sharedcommondataserviceforapps_8f88f">
      <connectionreferencedisplayname>Microsoft Dataverse</connectionreferencedisplayname>
      <connectorid>/providers/Microsoft.PowerApps/apis/shared_commondataserviceforapps</connectorid>
      <iscustomizable>1</iscustomizable>
      <promptingbehavior>0</promptingbehavior>
      <statecode>0</statecode>
      <statuscode>1</statuscode>
    </connectionreference>
  </connectionreferences>
  <Languages>
    <Language>1046</Language>
  </Languages>
</ImportExportXml>