<ImportExportXml version="9.2.25082.141" SolutionPackageVersion="9.2" languagecode="1046" generatedBy="CrmLive" xmlns:xsi="http://www.w3.org/2001/XMLSchema-instance" OrganizationVersion="9.2.25082.141" OrganizationSchemaType="Full" CRMServerServiceabilityVersion="9.2.25082.00141">
  <SolutionManifest>
    <UniqueName>ContosoSolutionPRJ2</UniqueName>
    <LocalizedNames>
      <LocalizedName description="ContosoSolution.PRJ2" languagecode="1046" />
    </LocalizedNames>
    <Descriptions />
    <Version>1.0.0.1</Version>
    <Managed>0</Managed>
    <Publisher>
      <UniqueName>Everton</UniqueName>
      <LocalizedNames>
        <LocalizedName description="Everton de Araujo Silva" languagecode="1046" />
      </LocalizedNames>
      <Descriptions>
        <Description description="Um dos três administradores do locatário." languagecode="1046" />
      </Descriptions>
      <EMailAddress xsi:nil="true"></EMailAddress>
      <SupportingWebsiteUrl xsi:nil="true"></SupportingWebsiteUrl>
      <CustomizationPrefix>edea</CustomizationPrefix>
      <CustomizationOptionValuePrefix>63131</CustomizationOptionValuePrefix>
      <Addresses>
        <Address>
          <AddressNumber>1</AddressNumber>
          <AddressTypeCode>1</AddressTypeCode>
          <City xsi:nil="true"></City>
          <County xsi:nil="true"></County>
          <Country xsi:nil="true"></Country>
          <Fax xsi:nil="true"></Fax>
          <FreightTermsCode xsi:nil="true"></FreightTermsCode>
          <ImportSequenceNumber xsi:nil="true"></ImportSequenceNumber>
          <Latitude xsi:nil="true"></Latitude>
          <Line1 xsi:nil="true"></Line1>
          <Line2 xsi:nil="true"></Line2>
          <Line3 xsi:nil="true"></Line3>
          <Longitude xsi:nil="true"></Longitude>
          <Name xsi:nil="true"></Name>
          <PostalCode xsi:nil="true"></PostalCode>
          <PostOfficeBox xsi:nil="true"></PostOfficeBox>
          <PrimaryContactName xsi:nil="true"></PrimaryContactName>
          <ShippingMethodCode>1</ShippingMethodCode>
          <StateOrProvince xsi:nil="true"></StateOrProvince>
          <Telephone1 xsi:nil="true"></Telephone1>
          <Telephone2 xsi:nil="true"></Telephone2>
          <Telephone3 xsi:nil="true"></Telephone3>
          <TimeZoneRuleVersionNumber xsi:nil="true"></TimeZoneRuleVersionNumber>
          <UPSZone xsi:nil="true"></UPSZone>
          <UTCOffset xsi:nil="true"></UTCOffset>
          <UTCConversionTimeZoneCode xsi:nil="true"></UTCConversionTimeZoneCode>
        </Address>
        <Address>
          <AddressNumber>2</AddressNumber>
          <AddressTypeCode>1</AddressTypeCode>
          <City xsi:nil="true"></City>
          <County xsi:nil="true"></County>
          <Country xsi:nil="true"></Country>
          <Fax xsi:nil="true"></Fax>
          <FreightTermsCode xsi:nil="true"></FreightTermsCode>
          <ImportSequenceNumber xsi:nil="true"></ImportSequenceNumber>
          <Latitude xsi:nil="true"></Latitude>
          <Line1 xsi:nil="true"></Line1>
          <Line2 xsi:nil="true"></Line2>
          <Line3 xsi:nil="true"></Line3>
          <Longitude xsi:nil="true"></Longitude>
          <Name xsi:nil="true"></Name>
          <PostalCode xsi:nil="true"></PostalCode>
          <PostOfficeBox xsi:nil="true"></PostOfficeBox>
          <PrimaryContactName xsi:nil="true"></PrimaryContactName>
          <ShippingMethodCode>1</ShippingMethodCode>
          <StateOrProvince xsi:nil="true"></StateOrProvince>
          <Telephone1 xsi:nil="true"></Telephone1>
          <Telephone2 xsi:nil="true"></Telephone2>
          <Telephone3 xsi:nil="true"></Telephone3>
          <TimeZoneRuleVersionNumber xsi:nil="true"></TimeZoneRuleVersionNumber>
          <UPSZone xsi:nil="true"></UPSZone>
          <UTCOffset xsi:nil="true"></UTCOffset>
          <UTCConversionTimeZoneCode xsi:nil="true"></UTCConversionTimeZoneCode>
        </Address>
      </Addresses>
    </Publisher>
    <RootComponents>
      <RootComponent type="1" schemaName="incident" behavior="2" />
      <RootComponent type="1" schemaName="knowledgearticle" behavior="1" />
      <RootComponent type="1" schemaName="phonetocaseprocess" behavior="0" />
      <RootComponent type="9" schemaName="crd52_opcoesdeatendimento" behavior="0" />
      <RootComponent type="29" id="{00b4d566-f167-f011-bec3-002248378ab7}" behavior="0" />
      <RootComponent type="29" id="{0ffbcde4-61c1-4355-aa89-aa1d7b2b8792}" behavior="0" />
      <RootComponent type="29" id="{3bb1a0ee-5469-f011-bec3-002248378ab7}" behavior="0" />
      <RootComponent type="29" id="{7388af80-90bf-b8ba-e981-2ae3f98e47c8}" behavior="0" />
      <RootComponent type="29" id="{9254af8c-736c-f011-b4cc-002248378ab7}" behavior="0" />
      <RootComponent type="29" id="{f8bb6068-9577-f011-b4cc-000d3a887e8d}" behavior="0" />
    </RootComponents>
    <MissingDependencies>
      <MissingDependency>
        <Required type="1" schemaName="incident" displayName="Ocorrência" solution="msdynce_Service (9.0.5.56)">
          <package appName="msdynce_Service" version="9.0.25081.1005">msdynce_ServiceAnchor (9.0.25081.1005)</package>
        </Required>
        <Dependent type="1" schemaName="incident" displayName="Ocorrência" />
      </MissingDependency>
      <MissingDependency>
        <Required type="1" schemaName="incident" displayName="Ocorrência" solution="msdynce_Service (9.0.5.56)">
          <package appName="msdynce_Service" version="9.0.25081.1005">msdynce_ServiceAnchor (9.0.25081.1005)</package>
        </Required>
        <Dependent type="2" schemaName="crd52_tipodeatendimento" displayName="Tipo de Atendimento" parentSchemaName="incident" parentDisplayName="Ocorrência" />
      </MissingDependency>
      <MissingDependency>
        <Required type="1" schemaName="incident" displayName="Ocorrência" solution="msdynce_Service (9.0.5.56)">
          <package appName="msdynce_Service" version="9.0.25081.1005">msdynce_ServiceAnchor (9.0.25081.1005)</package>
        </Required>
        <Dependent type="2" schemaName="edea_ocorrenciaresolvida" displayName="Ocorrência Resolvida" parentSchemaName="incident" parentDisplayName="Ocorrência" />
      </MissingDependency>
      <MissingDependency>
        <Required type="1" schemaName="incident" displayName="Ocorrência" solution="msdynce_Service (9.0.5.56)">
          <package appName="msdynce_Service" version="9.0.25081.1005">msdynce_ServiceAnchor (9.0.25081.1005)</package>
        </Required>
        <Dependent type="2" schemaName="edea_resolucaoocorrencia" displayName="Resolução Ocorrência" parentSchemaName="incident" parentDisplayName="Ocorrência" />
      </MissingDependency>
      <MissingDependency>
        <Required type="1" schemaName="incident" displayName="Ocorrência" solution="msdynce_Service (9.0.5.56)">
          <package appName="msdynce_Service" version="9.0.25081.1005">msdynce_ServiceAnchor (9.0.25081.1005)</package>
        </Required>
        <Dependent type="29" displayName="Exibir Prioridade Problema" id="{00b4d566-f167-f011-bec3-002248378ab7}" />
      </MissingDependency>
      <MissingDependency>
        <Required type="1" schemaName="incident" displayName="Ocorrência" solution="msdynce_Service (9.0.5.56)">
          <package appName="msdynce_Service" version="9.0.25081.1005">msdynce_ServiceAnchor (9.0.25081.1005)</package>
        </Required>
        <Dependent type="29" displayName="Processo do Telefone até a Ocorrência" id="{0ffbcde4-61c1-4355-aa89-aa1d7b2b8792}" />
      </MissingDependency>
      <MissingDependency>
        <Required type="1" schemaName="incident" displayName="Ocorrência" solution="msdynce_Service (9.0.5.56)">
          <package appName="msdynce_Service" version="9.0.25081.1005">msdynce_ServiceAnchor (9.0.25081.1005)</package>
        </Required>
        <Dependent type="29" displayName="Notificação e Tarefa - Nova Ocorrência" id="{3bb1a0ee-5469-f011-bec3-002248378ab7}" />
      </MissingDependency>
      <MissingDependency>
        <Required type="1" schemaName="incident" displayName="Ocorrência" solution="msdynce_Service (9.0.5.56)">
          <package appName="msdynce_Service" version="9.0.25081.1005">msdynce_ServiceAnchor (9.0.25081.1005)</package>
        </Required>
        <Dependent type="29" displayName="Cria atividade e ocorrência a partir do agente" id="{9254af8c-736c-f011-b4cc-002248378ab7}" />
      </MissingDependency>
      <MissingDependency>
        <Required type="1" schemaName="incident" displayName="Ocorrência" solution="msdynce_Service (9.0.5.56)">
          <package appName="msdynce_Service" version="9.0.25081.1005">msdynce_ServiceAnchor (9.0.25081.1005)</package>
        </Required>
        <Dependent type="29" displayName="Copiar de - Cria atividade e ocorrência a partir do agente" id="{f8bb6068-9577-f011-b4cc-000d3a887e8d}" />
      </MissingDependency>
      <MissingDependency>
        <Required type="1" schemaName="knowledgearticleincident" displayName="Incidente do Artigo da Base de Dados de Conhecimento" solution="msdynce_Service (9.0.5.56)">
          <package appName="msdynce_Service" version="9.0.25081.1005">msdynce_ServiceAnchor (9.0.25081.1005)</package>
        </Required>
        <Dependent type="60" displayName="Ocorrência para Experiência Interativa" parentDisplayName="Ocorrência" id="{915f6055-2e07-4276-ae08-2b96c8d02c57}" />
      </MissingDependency>
      <MissingDependency>
        <Required type="1" schemaName="msdyn_customerasset" displayName="Ativo do Cliente" solution="msdyn_AssetCommon (1.0.50.1)">
          <package appName="msdynce_Service" version="9.0.25081.1005">msdynce_ServiceAnchor (9.0.25081.1005)</package>
        </Required>
        <Dependent type="60" displayName="Ocorrência para Experiência Interativa" parentDisplayName="Ocorrência" id="{915f6055-2e07-4276-ae08-2b96c8d02c57}" />
      </MissingDependency>
      <MissingDependency>
        <Required type="1" schemaName="msdyn_swarm" displayName="Correspondência" solution="msdyn_Swarming (9.0.25081.2014)">
          <package appName="ServiceExtended" version="9.0.25081.2014">msdyn_ServiceExtendedAnchor (9.0.25081.2014)</package>
        </Required>
        <Dependent type="60" displayName="Ocorrência para Experiência Interativa" parentDisplayName="Ocorrência" id="{915f6055-2e07-4276-ae08-2b96c8d02c57}" />
      </MissingDependency>
      <MissingDependency>
        <Required type="1" schemaName="phonetocaseprocess" displayName="Processo do Telefone até a Ocorrência" solution="msdynce_Service (9.0.5.56)">
          <package appName="msdynce_Service" version="9.0.25081.1005">msdynce_ServiceAnchor (9.0.25081.1005)</package>
        </Required>
        <Dependent type="1" schemaName="phonetocaseprocess" displayName="Processo do Telefone até a Ocorrência" />
      </MissingDependency>
      <MissingDependency>
        <Required type="1" schemaName="phonetocaseprocess" displayName="Processo do Telefone até a Ocorrência" solution="msdynce_Service (9.0.5.56)">
          <package appName="msdynce_Service" version="9.0.25081.1005">msdynce_ServiceAnchor (9.0.25081.1005)</package>
        </Required>
        <Dependent type="29" displayName="Processo do Telefone até a Ocorrência" id="{0ffbcde4-61c1-4355-aa89-aa1d7b2b8792}" />
      </MissingDependency>
      <MissingDependency>
        <Required type="10" schemaName="msdyn_incident_msdyn_customerasset" displayName="msdyn_incident_msdyn_customerasset" parentSchemaName="incident" parentDisplayName="Ocorrência" solution="msdyn_ConnectedCustomerService (9.0.23122.1017)">
          <package appName="msdynce_Service" version="9.0.25081.1005">msdynce_ServiceAnchor (9.0.25081.1005)</package>
        </Required>
        <Dependent type="60" displayName="Ocorrência para Experiência Interativa" parentDisplayName="Ocorrência" id="{915f6055-2e07-4276-ae08-2b96c8d02c57}" />
      </MissingDependency>
      <MissingDependency>
        <Required type="10" schemaName="msdyn_swarm_incident" displayName="msdyn_swarm_incident" parentSchemaName="incident" parentDisplayName="Ocorrência" solution="msdyn_SwarmingForCS (9.0.25081.2014)">
          <package appName="ServiceExtended" version="9.0.25081.2014">msdyn_ServiceExtendedAnchor (9.0.25081.2014)</package>
        </Required>
        <Dependent type="60" displayName="Ocorrência para Experiência Interativa" parentDisplayName="Ocorrência" id="{915f6055-2e07-4276-ae08-2b96c8d02c57}" />
      </MissingDependency>
      <MissingDependency>
        <Required type="10" schemaName="msdyn_msdyn_iotalert_incident_IoTAlert" displayName="msdyn_msdyn_iotalert_incident_IoTAlert" parentSchemaName="msdyn_iotalert" parentDisplayName="Alerta de IoT" solution="msdyn_ConnectedCustomerService (9.0.23122.1017)">
          <package appName="msdynce_Service" version="9.0.25081.1005">msdynce_ServiceAnchor (9.0.25081.1005)</package>
        </Required>
        <Dependent type="60" displayName="Ocorrência para Experiência Interativa" parentDisplayName="Ocorrência" id="{915f6055-2e07-4276-ae08-2b96c8d02c57}" />
      </MissingDependency>
      <MissingDependency>
        <Required type="2" schemaName="blockedprofile" displayName="Perfil Bloqueado" parentSchemaName="incident" parentDisplayName="Ocorrência" solution="msdynce_Service (9.0.5.56)">
          <package appName="msdynce_Service" version="9.0.25081.1005">msdynce_ServiceAnchor (9.0.25081.1005)</package>
        </Required>
        <Dependent type="60" displayName="Ocorrência para Experiência Interativa" parentDisplayName="Ocorrência" id="{915f6055-2e07-4276-ae08-2b96c8d02c57}" />
      </MissingDependency>
      <MissingDependency>
        <Required type="2" schemaName="caseorigincode" displayName="Origem" parentSchemaName="incident" parentDisplayName="Ocorrência" solution="msdynce_Service (9.0.5.56)">
          <package appName="msdynce_Service" version="9.0.25081.1005">msdynce_ServiceAnchor (9.0.25081.1005)</package>
        </Required>
        <Dependent type="26" schemaName="Ocorrências Ativas" displayName="Ocorrências Ativas" parentSchemaName="incident" parentDisplayName="Ocorrência" id="{00000000-0000-0000-00aa-000010001032}" />
      </MissingDependency>
      <MissingDependency>
        <Required type="2" schemaName="caseorigincode" displayName="Origem" parentSchemaName="incident" parentDisplayName="Ocorrência" solution="msdynce_Service (9.0.5.56)">
          <package appName="msdynce_Service" version="9.0.25081.1005">msdynce_ServiceAnchor (9.0.25081.1005)</package>
        </Required>
        <Dependent type="60" displayName="Ocorrência para Experiência Interativa" parentDisplayName="Ocorrência" id="{915f6055-2e07-4276-ae08-2b96c8d02c57}" />
      </MissingDependency>
      <MissingDependency>
        <Required type="2" schemaName="casetypecode" displayName="Tipo de Ocorrência" parentSchemaName="incident" parentDisplayName="Ocorrência" solution="msdynce_Service (9.0.5.56)">
          <package appName="msdynce_Service" version="9.0.25081.1005">msdynce_ServiceAnchor (9.0.25081.1005)</package>
        </Required>
        <Dependent type="60" displayName="Ocorrência para Experiência Interativa" parentDisplayName="Ocorrência" id="{915f6055-2e07-4276-ae08-2b96c8d02c57}" />
      </MissingDependency>
      <MissingDependency>
        <Required type="2" schemaName="createdon" displayName="Criado(a) em" parentSchemaName="incident" parentDisplayName="Ocorrência" solution="msdynce_Service (9.0.5.56)">
          <package appName="msdynce_Service" version="9.0.25081.1005">msdynce_ServiceAnchor (9.0.25081.1005)</package>
        </Required>
        <Dependent type="26" schemaName="Ocorrências Ativas" displayName="Ocorrências Ativas" parentSchemaName="incident" parentDisplayName="Ocorrência" id="{00000000-0000-0000-00aa-000010001032}" />
      </MissingDependency>
      <MissingDependency>
        <Required type="2" schemaName="createdon" displayName="Criado(a) em" parentSchemaName="incident" parentDisplayName="Ocorrência" solution="msdynce_Service (9.0.5.56)">
          <package appName="msdynce_Service" version="9.0.25081.1005">msdynce_ServiceAnchor (9.0.25081.1005)</package>
        </Required>
        <Dependent type="60" displayName="Ocorrência para Experiência Interativa" parentDisplayName="Ocorrência" id="{915f6055-2e07-4276-ae08-2b96c8d02c57}" />
      </MissingDependency>
      <MissingDependency>
        <Required type="2" schemaName="customerid" displayName="Cliente" parentSchemaName="incident" parentDisplayName="Ocorrência" solution="msdynce_Service (9.0.5.56)">
          <package appName="msdynce_Service" version="9.0.25081.1005">msdynce_ServiceAnchor (9.0.25081.1005)</package>
        </Required>
        <Dependent type="26" schemaName="Ocorrências Ativas" displayName="Ocorrências Ativas" parentSchemaName="incident" parentDisplayName="Ocorrência" id="{00000000-0000-0000-00aa-000010001032}" />
      </MissingDependency>
      <MissingDependency>
        <Required type="2" schemaName="customerid" displayName="Cliente" parentSchemaName="incident" parentDisplayName="Ocorrência" solution="msdynce_Service (9.0.5.56)">
          <package appName="msdynce_Service" version="9.0.25081.1005">msdynce_ServiceAnchor (9.0.25081.1005)</package>
        </Required>
        <Dependent type="60" displayName="Ocorrência para Experiência Interativa" parentDisplayName="Ocorrência" id="{915f6055-2e07-4276-ae08-2b96c8d02c57}" />
      </MissingDependency>
      <MissingDependency>
        <Required type="2" schemaName="customerid" displayName="Cliente" parentSchemaName="incident" parentDisplayName="Ocorrência" solution="msdynce_Service (9.0.5.56)">
          <package appName="msdynce_Service" version="9.0.25081.1005">msdynce_ServiceAnchor (9.0.25081.1005)</package>
        </Required>
        <Dependent type="60" displayName="PhoneToCaseProcess" parentDisplayName="Processo do Telefone até a Ocorrência" id="{9774341b-bb15-44b8-b7fa-2ad3aadefa62}" />
      </MissingDependency>
      <MissingDependency>
        <Required type="2" schemaName="description" displayName="Descrição" parentSchemaName="incident" parentDisplayName="Ocorrência" solution="msdynce_Service (9.0.5.56)">
          <package appName="msdynce_Service" version="9.0.25081.1005">msdynce_ServiceAnchor (9.0.25081.1005)</package>
        </Required>
        <Dependent type="60" displayName="Ocorrência para Experiência Interativa" parentDisplayName="Ocorrência" id="{915f6055-2e07-4276-ae08-2b96c8d02c57}" />
      </MissingDependency>
      <MissingDependency>
        <Required type="2" schemaName="entitlementid" displayName="Direito" parentSchemaName="incident" parentDisplayName="Ocorrência" solution="msdynce_Service (9.0.5.56)">
          <package appName="msdynce_Service" version="9.0.25081.1005">msdynce_ServiceAnchor (9.0.25081.1005)</package>
        </Required>
        <Dependent type="60" displayName="Ocorrência para Experiência Interativa" parentDisplayName="Ocorrência" id="{915f6055-2e07-4276-ae08-2b96c8d02c57}" />
      </MissingDependency>
      <MissingDependency>
        <Required type="2" schemaName="escalatedon" displayName="Escalonado Em" parentSchemaName="incident" parentDisplayName="Ocorrência" solution="msdynce_Service (9.0.5.56)">
          <package appName="msdynce_Service" version="9.0.25081.1005">msdynce_ServiceAnchor (9.0.25081.1005)</package>
        </Required>
        <Dependent type="60" displayName="Ocorrência para Experiência Interativa" parentDisplayName="Ocorrência" id="{915f6055-2e07-4276-ae08-2b96c8d02c57}" />
      </MissingDependency>
      <MissingDependency>
        <Required type="2" schemaName="firstresponsebykpiid" displayName="Primeira Resposta por KPI" parentSchemaName="incident" parentDisplayName="Ocorrência" solution="msdynce_Service (9.0.5.56)">
          <package appName="msdynce_Service" version="9.0.25081.1005">msdynce_ServiceAnchor (9.0.25081.1005)</package>
        </Required>
        <Dependent type="60" displayName="Ocorrência para Experiência Interativa" parentDisplayName="Ocorrência" id="{915f6055-2e07-4276-ae08-2b96c8d02c57}" />
      </MissingDependency>
      <MissingDependency>
        <Required type="2" schemaName="firstresponsesent" displayName="Primeira Resposta Enviada" parentSchemaName="incident" parentDisplayName="Ocorrência" solution="msdynce_Service (9.0.5.56)">
          <package appName="msdynce_Service" version="9.0.25081.1005">msdynce_ServiceAnchor (9.0.25081.1005)</package>
        </Required>
        <Dependent type="60" displayName="Ocorrência para Experiência Interativa" parentDisplayName="Ocorrência" id="{915f6055-2e07-4276-ae08-2b96c8d02c57}" />
      </MissingDependency>
      <MissingDependency>
        <Required type="2" schemaName="followupby" displayName="Acompanhamento até" parentSchemaName="incident" parentDisplayName="Ocorrência" solution="msdynce_Service (9.0.5.56)">
          <package appName="msdynce_Service" version="9.0.25081.1005">msdynce_ServiceAnchor (9.0.25081.1005)</package>
        </Required>
        <Dependent type="60" displayName="Ocorrência para Experiência Interativa" parentDisplayName="Ocorrência" id="{915f6055-2e07-4276-ae08-2b96c8d02c57}" />
      </MissingDependency>
      <MissingDependency>
        <Required type="2" schemaName="incidentid" displayName="Ocorrência" parentSchemaName="incident" parentDisplayName="Ocorrência" solution="msdynce_Service (9.0.5.56)">
          <package appName="msdynce_Service" version="9.0.25081.1005">msdynce_ServiceAnchor (9.0.25081.1005)</package>
        </Required>
        <Dependent type="26" schemaName="Ocorrências Ativas" displayName="Ocorrências Ativas" parentSchemaName="incident" parentDisplayName="Ocorrência" id="{00000000-0000-0000-00aa-000010001032}" />
      </MissingDependency>
      <MissingDependency>
        <Required type="2" schemaName="incidentid" displayName="Ocorrência" parentSchemaName="incident" parentDisplayName="Ocorrência" solution="msdynce_Service (9.0.5.56)">
          <package appName="msdynce_Service" version="9.0.25081.1005">msdynce_ServiceAnchor (9.0.25081.1005)</package>
        </Required>
        <Dependent type="29" displayName="Exibir Prioridade Problema" id="{00b4d566-f167-f011-bec3-002248378ab7}" />
      </MissingDependency>
      <MissingDependency>
        <Required type="2" schemaName="incidentid" displayName="Ocorrência" parentSchemaName="incident" parentDisplayName="Ocorrência" solution="msdynce_Service (9.0.5.56)">
          <package appName="msdynce_Service" version="9.0.25081.1005">msdynce_ServiceAnchor (9.0.25081.1005)</package>
        </Required>
        <Dependent type="29" displayName="Processo do Telefone até a Ocorrência" id="{0ffbcde4-61c1-4355-aa89-aa1d7b2b8792}" />
      </MissingDependency>
      <MissingDependency>
        <Required type="2" schemaName="incidentid" displayName="Ocorrência" parentSchemaName="incident" parentDisplayName="Ocorrência" solution="msdynce_Service (9.0.5.56)">
          <package appName="msdynce_Service" version="9.0.25081.1005">msdynce_ServiceAnchor (9.0.25081.1005)</package>
        </Required>
        <Dependent type="60" displayName="Ocorrência para Experiência Interativa" parentDisplayName="Ocorrência" id="{915f6055-2e07-4276-ae08-2b96c8d02c57}" />
      </MissingDependency>
      <MissingDependency>
        <Required type="2" schemaName="influencescore" displayName="Pontuação de Influência" parentSchemaName="incident" parentDisplayName="Ocorrência" solution="msdynce_Service (9.0.5.56)">
          <package appName="msdynce_Service" version="9.0.25081.1005">msdynce_ServiceAnchor (9.0.25081.1005)</package>
        </Required>
        <Dependent type="60" displayName="Ocorrência para Experiência Interativa" parentDisplayName="Ocorrência" id="{915f6055-2e07-4276-ae08-2b96c8d02c57}" />
      </MissingDependency>
      <MissingDependency>
        <Required type="2" schemaName="isescalated" displayName="Foi Escalonado" parentSchemaName="incident" parentDisplayName="Ocorrência" solution="msdynce_Service (9.0.5.56)">
          <package appName="msdynce_Service" version="9.0.25081.1005">msdynce_ServiceAnchor (9.0.25081.1005)</package>
        </Required>
        <Dependent type="60" displayName="Ocorrência para Experiência Interativa" parentDisplayName="Ocorrência" id="{915f6055-2e07-4276-ae08-2b96c8d02c57}" />
      </MissingDependency>
      <MissingDependency>
        <Required type="2" schemaName="messagetypecode" displayName="Recebido como" parentSchemaName="incident" parentDisplayName="Ocorrência" solution="msdynce_Service (9.0.5.56)">
          <package appName="msdynce_Service" version="9.0.25081.1005">msdynce_ServiceAnchor (9.0.25081.1005)</package>
        </Required>
        <Dependent type="60" displayName="Ocorrência para Experiência Interativa" parentDisplayName="Ocorrência" id="{915f6055-2e07-4276-ae08-2b96c8d02c57}" />
      </MissingDependency>
      <MissingDependency>
        <Required type="2" schemaName="msdyn_iotalert" displayName="Alerta de IoT" parentSchemaName="incident" parentDisplayName="Ocorrência" solution="msdyn_ConnectedCustomerService (9.0.23122.1017)">
          <package appName="msdynce_Service" version="9.0.25081.1005">msdynce_ServiceAnchor (9.0.25081.1005)</package>
        </Required>
        <Dependent type="60" displayName="Ocorrência para Experiência Interativa" parentDisplayName="Ocorrência" id="{915f6055-2e07-4276-ae08-2b96c8d02c57}" />
      </MissingDependency>
      <MissingDependency>
        <Required type="2" schemaName="ownerid" displayName="Proprietário" parentSchemaName="incident" parentDisplayName="Ocorrência" solution="msdynce_Service (9.0.5.56)">
          <package appName="msdynce_Service" version="9.0.25081.1005">msdynce_ServiceAnchor (9.0.25081.1005)</package>
        </Required>
        <Dependent type="26" schemaName="Ocorrências Ativas" displayName="Ocorrências Ativas" parentSchemaName="incident" parentDisplayName="Ocorrência" id="{00000000-0000-0000-00aa-000010001032}" />
      </MissingDependency>
      <MissingDependency>
        <Required type="2" schemaName="ownerid" displayName="Proprietário" parentSchemaName="incident" parentDisplayName="Ocorrência" solution="msdynce_Service (9.0.5.56)">
          <package appName="msdynce_Service" version="9.0.25081.1005">msdynce_ServiceAnchor (9.0.25081.1005)</package>
        </Required>
        <Dependent type="29" displayName="Processo do Telefone até a Ocorrência" id="{0ffbcde4-61c1-4355-aa89-aa1d7b2b8792}" />
      </MissingDependency>
      <MissingDependency>
        <Required type="2" schemaName="ownerid" displayName="Proprietário" parentSchemaName="incident" parentDisplayName="Ocorrência" solution="msdynce_Service (9.0.5.56)">
          <package appName="msdynce_Service" version="9.0.25081.1005">msdynce_ServiceAnchor (9.0.25081.1005)</package>
        </Required>
        <Dependent type="60" displayName="Ocorrência para Experiência Interativa" parentDisplayName="Ocorrência" id="{915f6055-2e07-4276-ae08-2b96c8d02c57}" />
      </MissingDependency>
      <MissingDependency>
        <Required type="2" schemaName="ownerid" displayName="Proprietário" parentSchemaName="incident" parentDisplayName="Ocorrência" solution="msdynce_Service (9.0.5.56)">
          <package appName="msdynce_Service" version="9.0.25081.1005">msdynce_ServiceAnchor (9.0.25081.1005)</package>
        </Required>
        <Dependent type="60" displayName="PhoneToCaseProcess" parentDisplayName="Processo do Telefone até a Ocorrência" id="{9774341b-bb15-44b8-b7fa-2ad3aadefa62}" />
      </MissingDependency>
      <MissingDependency>
        <Required type="2" schemaName="parentcaseid" displayName="Ocorrência Principal" parentSchemaName="incident" parentDisplayName="Ocorrência" solution="msdynce_Service (9.0.5.56)">
          <package appName="msdynce_Service" version="9.0.25081.1005">msdynce_ServiceAnchor (9.0.25081.1005)</package>
        </Required>
        <Dependent type="60" displayName="Ocorrência para Experiência Interativa" parentDisplayName="Ocorrência" id="{915f6055-2e07-4276-ae08-2b96c8d02c57}" />
      </MissingDependency>
      <MissingDependency>
        <Required type="2" schemaName="primarycontactid" displayName="Contato" parentSchemaName="incident" parentDisplayName="Ocorrência" solution="msdynce_Service (9.0.5.56)">
          <package appName="msdynce_Service" version="9.0.25081.1005">msdynce_ServiceAnchor (9.0.25081.1005)</package>
        </Required>
        <Dependent type="60" displayName="Ocorrência para Experiência Interativa" parentDisplayName="Ocorrência" id="{915f6055-2e07-4276-ae08-2b96c8d02c57}" />
      </MissingDependency>
      <MissingDependency>
        <Required type="2" schemaName="prioritycode" displayName="Prioridade" parentSchemaName="incident" parentDisplayName="Ocorrência" solution="msdynce_Service (9.0.5.56)">
          <package appName="msdynce_Service" version="9.0.25081.1005">msdynce_ServiceAnchor (9.0.25081.1005)</package>
        </Required>
        <Dependent type="2" schemaName="prioritycode" displayName="Prioridade" parentSchemaName="incident" parentDisplayName="Ocorrência" />
      </MissingDependency>
      <MissingDependency>
        <Required type="2" schemaName="productid" displayName="Produto" parentSchemaName="incident" parentDisplayName="Ocorrência" solution="msdynce_Service (9.0.5.56)">
          <package appName="msdynce_Service" version="9.0.25081.1005">msdynce_ServiceAnchor (9.0.25081.1005)</package>
        </Required>
        <Dependent type="60" displayName="Ocorrência para Experiência Interativa" parentDisplayName="Ocorrência" id="{915f6055-2e07-4276-ae08-2b96c8d02c57}" />
      </MissingDependency>
      <MissingDependency>
        <Required type="2" schemaName="resolveby" displayName="Resolver por" parentSchemaName="incident" parentDisplayName="Ocorrência" solution="msdynce_Service (9.0.5.56)">
          <package appName="msdynce_Service" version="9.0.25081.1005">msdynce_ServiceAnchor (9.0.25081.1005)</package>
        </Required>
        <Dependent type="60" displayName="Ocorrência para Experiência Interativa" parentDisplayName="Ocorrência" id="{915f6055-2e07-4276-ae08-2b96c8d02c57}" />
      </MissingDependency>
      <MissingDependency>
        <Required type="2" schemaName="resolvebykpiid" displayName="Resolver por KPI" parentSchemaName="incident" parentDisplayName="Ocorrência" solution="msdynce_Service (9.0.5.56)">
          <package appName="msdynce_Service" version="9.0.25081.1005">msdynce_ServiceAnchor (9.0.25081.1005)</package>
        </Required>
        <Dependent type="60" displayName="Ocorrência para Experiência Interativa" parentDisplayName="Ocorrência" id="{915f6055-2e07-4276-ae08-2b96c8d02c57}" />
      </MissingDependency>
      <MissingDependency>
        <Required type="2" schemaName="responseby" displayName="Primeira Resposta por" parentSchemaName="incident" parentDisplayName="Ocorrência" solution="msdynce_Service (9.0.5.56)">
          <package appName="msdynce_Service" version="9.0.25081.1005">msdynce_ServiceAnchor (9.0.25081.1005)</package>
        </Required>
        <Dependent type="60" displayName="Ocorrência para Experiência Interativa" parentDisplayName="Ocorrência" id="{915f6055-2e07-4276-ae08-2b96c8d02c57}" />
      </MissingDependency>
      <MissingDependency>
        <Required type="2" schemaName="sentimentvalue" displayName="Valor de Sentimento" parentSchemaName="incident" parentDisplayName="Ocorrência" solution="msdynce_Service (9.0.5.56)">
          <package appName="msdynce_Service" version="9.0.25081.1005">msdynce_ServiceAnchor (9.0.25081.1005)</package>
        </Required>
        <Dependent type="60" displayName="Ocorrência para Experiência Interativa" parentDisplayName="Ocorrência" id="{915f6055-2e07-4276-ae08-2b96c8d02c57}" />
      </MissingDependency>
      <MissingDependency>
        <Required type="2" schemaName="socialprofileid" displayName="Perfil Social" parentSchemaName="incident" parentDisplayName="Ocorrência" solution="msdynce_Service (9.0.5.56)">
          <package appName="msdynce_Service" version="9.0.25081.1005">msdynce_ServiceAnchor (9.0.25081.1005)</package>
        </Required>
        <Dependent type="60" displayName="Ocorrência para Experiência Interativa" parentDisplayName="Ocorrência" id="{915f6055-2e07-4276-ae08-2b96c8d02c57}" />
      </MissingDependency>
      <MissingDependency>
        <Required type="2" schemaName="statecode" displayName="Status" parentSchemaName="incident" parentDisplayName="Ocorrência" solution="msdynce_Service (9.0.5.56)">
          <package appName="msdynce_Service" version="9.0.25081.1005">msdynce_ServiceAnchor (9.0.25081.1005)</package>
        </Required>
        <Dependent type="26" schemaName="Ocorrências Ativas" displayName="Ocorrências Ativas" parentSchemaName="incident" parentDisplayName="Ocorrência" id="{00000000-0000-0000-00aa-000010001032}" />
      </MissingDependency>
      <MissingDependency>
        <Required type="2" schemaName="statuscode" displayName="Razão do Status" parentSchemaName="incident" parentDisplayName="Ocorrência" solution="msdynce_Service (9.0.5.56)">
          <package appName="msdynce_Service" version="9.0.25081.1005">msdynce_ServiceAnchor (9.0.25081.1005)</package>
        </Required>
        <Dependent type="26" schemaName="Ocorrências Ativas" displayName="Ocorrências Ativas" parentSchemaName="incident" parentDisplayName="Ocorrência" id="{00000000-0000-0000-00aa-000010001032}" />
      </MissingDependency>
      <MissingDependency>
        <Required type="2" schemaName="statuscode" displayName="Razão do Status" parentSchemaName="incident" parentDisplayName="Ocorrência" solution="msdynce_Service (9.0.5.56)">
          <package appName="msdynce_Service" version="9.0.25081.1005">msdynce_ServiceAnchor (9.0.25081.1005)</package>
        </Required>
        <Dependent type="60" displayName="Ocorrência para Experiência Interativa" parentDisplayName="Ocorrência" id="{915f6055-2e07-4276-ae08-2b96c8d02c57}" />
      </MissingDependency>
      <MissingDependency>
        <Required type="2" schemaName="subjectid" displayName="Assunto" parentSchemaName="incident" parentDisplayName="Ocorrência" solution="msdynce_Service (9.0.5.56)">
          <package appName="msdynce_Service" version="9.0.25081.1005">msdynce_ServiceAnchor (9.0.25081.1005)</package>
        </Required>
        <Dependent type="60" displayName="Ocorrência para Experiência Interativa" parentDisplayName="Ocorrência" id="{915f6055-2e07-4276-ae08-2b96c8d02c57}" />
      </MissingDependency>
      <MissingDependency>
        <Required type="2" schemaName="ticketnumber" displayName="Número da Ocorrência" parentSchemaName="incident" parentDisplayName="Ocorrência" solution="msdynce_Service (9.0.5.56)">
          <package appName="msdynce_Service" version="9.0.25081.1005">msdynce_ServiceAnchor (9.0.25081.1005)</package>
        </Required>
        <Dependent type="26" schemaName="Ocorrências Ativas" displayName="Ocorrências Ativas" parentSchemaName="incident" parentDisplayName="Ocorrência" id="{00000000-0000-0000-00aa-000010001032}" />
      </MissingDependency>
      <MissingDependency>
        <Required type="2" schemaName="ticketnumber" displayName="Número da Ocorrência" parentSchemaName="incident" parentDisplayName="Ocorrência" solution="msdynce_Service (9.0.5.56)">
          <package appName="msdynce_Service" version="9.0.25081.1005">msdynce_ServiceAnchor (9.0.25081.1005)</package>
        </Required>
        <Dependent type="60" displayName="Ocorrência para Experiência Interativa" parentDisplayName="Ocorrência" id="{915f6055-2e07-4276-ae08-2b96c8d02c57}" />
      </MissingDependency>
      <MissingDependency>
        <Required type="2" schemaName="title" displayName="Título da Ocorrência" parentSchemaName="incident" parentDisplayName="Ocorrência" solution="msdynce_Service (9.0.5.56)">
          <package appName="msdynce_Service" version="9.0.25081.1005">msdynce_ServiceAnchor (9.0.25081.1005)</package>
        </Required>
        <Dependent type="26" schemaName="Ocorrências Ativas" displayName="Ocorrências Ativas" parentSchemaName="incident" parentDisplayName="Ocorrência" id="{00000000-0000-0000-00aa-000010001032}" />
      </MissingDependency>
      <MissingDependency>
        <Required type="2" schemaName="title" displayName="Título da Ocorrência" parentSchemaName="incident" parentDisplayName="Ocorrência" solution="msdynce_Service (9.0.5.56)">
          <package appName="msdynce_Service" version="9.0.25081.1005">msdynce_ServiceAnchor (9.0.25081.1005)</package>
        </Required>
        <Dependent type="29" displayName="Exibir Prioridade Problema" id="{00b4d566-f167-f011-bec3-002248378ab7}" />
      </MissingDependency>
      <MissingDependency>
        <Required type="2" schemaName="title" displayName="Título da Ocorrência" parentSchemaName="incident" parentDisplayName="Ocorrência" solution="msdynce_Service (9.0.5.56)">
          <package appName="msdynce_Service" version="9.0.25081.1005">msdynce_ServiceAnchor (9.0.25081.1005)</package>
        </Required>
        <Dependent type="29" displayName="Processo do Telefone até a Ocorrência" id="{0ffbcde4-61c1-4355-aa89-aa1d7b2b8792}" />
      </MissingDependency>
      <MissingDependency>
        <Required type="2" schemaName="title" displayName="Título da Ocorrência" parentSchemaName="incident" parentDisplayName="Ocorrência" solution="msdynce_Service (9.0.5.56)">
          <package appName="msdynce_Service" version="9.0.25081.1005">msdynce_ServiceAnchor (9.0.25081.1005)</package>
        </Required>
        <Dependent type="60" displayName="Ocorrência para Experiência Interativa" parentDisplayName="Ocorrência" id="{915f6055-2e07-4276-ae08-2b96c8d02c57}" />
      </MissingDependency>
      <MissingDependency>
        <Required type="2" schemaName="traversedpath" displayName="(Deprecated) Traversed Path" parentSchemaName="incident" parentDisplayName="Ocorrência" solution="msdynce_Service (9.0.5.56)">
          <package appName="msdynce_Service" version="9.0.25081.1005">msdynce_ServiceAnchor (9.0.25081.1005)</package>
        </Required>
        <Dependent type="60" displayName="Ocorrência para Experiência Interativa" parentDisplayName="Ocorrência" id="{915f6055-2e07-4276-ae08-2b96c8d02c57}" />
      </MissingDependency>
      <MissingDependency>
        <Required type="2" schemaName="incidentid" displayName="Incidente" parentSchemaName="phonetocaseprocess" parentDisplayName="Processo do Telefone até a Ocorrência" solution="msdynce_Service (9.0.5.56)">
          <package appName="msdynce_Service" version="9.0.25081.1005">msdynce_ServiceAnchor (9.0.25081.1005)</package>
        </Required>
        <Dependent type="2" schemaName="incidentid" displayName="Incidente" parentSchemaName="phonetocaseprocess" parentDisplayName="Processo do Telefone até a Ocorrência" />
      </MissingDependency>
      <MissingDependency>
        <Required type="26" schemaName="Ocorrências Ativas" displayName="Ocorrências Ativas" parentSchemaName="incident" parentDisplayName="Ocorrência" solution="msdynce_Service (9.0.5.56)" id="{00000000-0000-0000-00aa-000010001032}">
          <package appName="msdynce_Service" version="9.0.25081.1005">msdynce_ServiceAnchor (9.0.25081.1005)</package>
        </Required>
        <Dependent type="26" schemaName="Ocorrências Ativas" displayName="Ocorrências Ativas" parentSchemaName="incident" parentDisplayName="Ocorrência" id="{00000000-0000-0000-00aa-000010001032}" />
      </MissingDependency>
      <MissingDependency>
        <Required type="26" schemaName="Exibição associada dos Ativos do Cliente com alertas" displayName="Exibição associada dos Ativos do Cliente com alertas" parentSchemaName="msdyn_customerasset" parentDisplayName="Ativo do Cliente" solution="msdyn_ConnectedCustomerService (9.0.23122.1017)" id="{38cc036f-fbfe-e911-a81c-000d3ac2c6cb}">
          <package appName="msdynce_Service" version="9.0.25081.1005">msdynce_ServiceAnchor (9.0.25081.1005)</package>
        </Required>
        <Dependent type="60" displayName="Ocorrência para Experiência Interativa" parentDisplayName="Ocorrência" id="{915f6055-2e07-4276-ae08-2b96c8d02c57}" />
      </MissingDependency>
      <MissingDependency>
        <Required type="26" schemaName="Exibição de Registros de Conhecimento Associados" displayName="Exibição de Registros de Conhecimento Associados" parentSchemaName="knowledgearticleincident" parentDisplayName="Incidente do Artigo da Base de Dados de Conhecimento" solution="msdynce_Service (9.0.5.56)" id="{4ce7d553-9bba-4d8f-b209-899af9d3937c}">
          <package appName="msdynce_Service" version="9.0.25081.1005">msdynce_ServiceAnchor (9.0.25081.1005)</package>
        </Required>
        <Dependent type="60" displayName="Ocorrência para Experiência Interativa" parentDisplayName="Ocorrência" id="{915f6055-2e07-4276-ae08-2b96c8d02c57}" />
      </MissingDependency>
      <MissingDependency>
        <Required type="26" schemaName="Exibição de Pesquisa de Produtos Ativos" displayName="Exibição de Pesquisa de Produtos Ativos" parentSchemaName="product" parentDisplayName="Produto" solution="msdynce_ProductManagement (9.0.4.0066)" id="{58afc3c5-8add-4552-98cb-473bc8f75619}">
          <package appName="msdynce_ProductManagement" version="9.0.25081.10002">msdynce_ProductManagementAnchor (9.0.25081.10002)</package>
        </Required>
        <Dependent type="60" displayName="Ocorrência para Experiência Interativa" parentDisplayName="Ocorrência" id="{915f6055-2e07-4276-ae08-2b96c8d02c57}" />
      </MissingDependency>
      <MissingDependency>
        <Required type="26" schemaName="Ocorrências Associadas para Formulário Centrado em Interação" displayName="Ocorrências Associadas para Formulário Centrado em Interação" parentSchemaName="incident" parentDisplayName="Ocorrência" solution="msdynce_Service (9.0.5.56)" id="{65ab1a2c-1cd9-4fbe-8fd3-d52142d6b3fd}">
          <package appName="msdynce_Service" version="9.0.25081.1005">msdynce_ServiceAnchor (9.0.25081.1005)</package>
        </Required>
        <Dependent type="60" displayName="Ocorrência para Experiência Interativa" parentDisplayName="Ocorrência" id="{915f6055-2e07-4276-ae08-2b96c8d02c57}" />
      </MissingDependency>
      <MissingDependency>
        <Required type="26" schemaName="Alertas Principais" displayName="Alertas Principais" parentSchemaName="msdyn_iotalert" parentDisplayName="Alerta de IoT" solution="msdyn_ConnectedCustomerService (9.0.23122.1017)" id="{8aa1e7c2-1514-ea11-a81f-000d3ac3e048}">
          <package appName="msdynce_Service" version="9.0.25081.1005">msdynce_ServiceAnchor (9.0.25081.1005)</package>
        </Required>
        <Dependent type="60" displayName="Ocorrência para Experiência Interativa" parentDisplayName="Ocorrência" id="{915f6055-2e07-4276-ae08-2b96c8d02c57}" />
      </MissingDependency>
      <MissingDependency>
        <Required type="26" schemaName="Alertas primários" displayName="Alertas primários" parentSchemaName="msdyn_iotalert" parentDisplayName="Alerta de IoT" solution="IoTConnector (1.8.53.0)" id="{b96d141d-a429-e611-8107-00155db9cd0a}">
          <package appName="msdynce_Service" version="9.0.25081.1005">msdynce_ServiceAnchor (9.0.25081.1005)</package>
        </Required>
        <Dependent type="60" displayName="Ocorrência para Experiência Interativa" parentDisplayName="Ocorrência" id="{915f6055-2e07-4276-ae08-2b96c8d02c57}" />
      </MissingDependency>
      <MissingDependency>
        <Required type="26" schemaName="Ocorrências Semelhantes Resolvidas para Formulário Centrado em Interação" displayName="Ocorrências Semelhantes Resolvidas para Formulário Centrado em Interação" parentSchemaName="incident" parentDisplayName="Ocorrência" solution="msdynce_Service (9.0.5.56)" id="{bd15c679-df0b-e611-80d2-00155db1076f}">
          <package appName="msdynce_Service" version="9.0.25081.1005">msdynce_ServiceAnchor (9.0.25081.1005)</package>
        </Required>
        <Dependent type="60" displayName="Ocorrência para Experiência Interativa" parentDisplayName="Ocorrência" id="{915f6055-2e07-4276-ae08-2b96c8d02c57}" />
      </MissingDependency>
      <MissingDependency>
        <Required type="26" schemaName="Direitos Válidos para Ocorrências" displayName="Direitos Válidos para Ocorrências" parentSchemaName="entitlement" parentDisplayName="Direito" solution="msdynce_Service (9.0.5.56)" id="{e7ea283b-0490-4956-939b-3325e0798fb8}">
          <package appName="msdynce_Service" version="9.0.25081.1005">msdynce_ServiceAnchor (9.0.25081.1005)</package>
        </Required>
        <Dependent type="60" displayName="Ocorrência para Experiência Interativa" parentDisplayName="Ocorrência" id="{915f6055-2e07-4276-ae08-2b96c8d02c57}" />
      </MissingDependency>
      <MissingDependency>
        <Required type="26" schemaName="Exibição associada a correspondência" displayName="Exibição associada a correspondência" parentSchemaName="msdyn_swarm" parentDisplayName="Correspondência" solution="msdyn_Swarming (9.0.25081.2014)" id="{f4a46971-a1b8-4ec3-9f9e-30740bc8c8e2}">
          <package appName="ServiceExtended" version="9.0.25081.2014">msdyn_ServiceExtendedAnchor (9.0.25081.2014)</package>
        </Required>
        <Dependent type="60" displayName="Ocorrência para Experiência Interativa" parentDisplayName="Ocorrência" id="{915f6055-2e07-4276-ae08-2b96c8d02c57}" />
      </MissingDependency>
      <MissingDependency>
        <Required type="29" displayName="Processo do Telefone até a Ocorrência" solution="msdynce_Service (9.0.5.56)" id="{0ffbcde4-61c1-4355-aa89-aa1d7b2b8792}">
          <package appName="msdynce_Service" version="9.0.25081.1005">msdynce_ServiceAnchor (9.0.25081.1005)</package>
        </Required>
        <Dependent type="29" displayName="Processo do Telefone até a Ocorrência" id="{0ffbcde4-61c1-4355-aa89-aa1d7b2b8792}" />
      </MissingDependency>
      <MissingDependency>
        <Required type="60" displayName="Resolver por SLA" parentDisplayName="Instância do KPI de SLA" solution="msdynce_ServiceLevelAgreement (9.0.25081.1002)" id="{19b14c51-3d43-4d56-ab34-49c540bf468c}">
          <package appName="msdynce_ServiceLevelAgreement" version="9.0.25081.1002">msdynce_ServiceLevelAgreementAnchor (9.0.25081.1002)</package>
        </Required>
        <Dependent type="60" displayName="Ocorrência para Experiência Interativa" parentDisplayName="Ocorrência" id="{915f6055-2e07-4276-ae08-2b96c8d02c57}" />
      </MissingDependency>
      <MissingDependency>
        <Required type="60" displayName="Ocorrências Recentes e Direitos" parentDisplayName="Conta" solution="msdynce_Service (9.0.5.56)" id="{43300723-f867-420b-ab28-976a4d12e6c4}">
          <package appName="msdynce_Service" version="9.0.25081.1005">msdynce_ServiceAnchor (9.0.25081.1005)</package>
        </Required>
        <Dependent type="60" displayName="Ocorrência para Experiência Interativa" parentDisplayName="Ocorrência" id="{915f6055-2e07-4276-ae08-2b96c8d02c57}" />
      </MissingDependency>
      <MissingDependency>
        <Required type="60" displayName="cartão do contato" parentDisplayName="Contato" solution="msdynce_AppCommon (9.0.4.0066)" id="{707fc57b-c5e6-471b-a180-e37ed28a38e2}">
          <package appName="msdynce_AppCommon" version="9.0.25082.10001">msdynce_AppCommonAnchor (9.0.25082.10001)</package>
        </Required>
        <Dependent type="60" displayName="Ocorrência para Experiência Interativa" parentDisplayName="Ocorrência" id="{915f6055-2e07-4276-ae08-2b96c8d02c57}" />
      </MissingDependency>
      <MissingDependency>
        <Required type="60" displayName="Ocorrência para Experiência Interativa" parentDisplayName="Ocorrência" solution="msdynce_Service (9.0.5.56)" id="{915f6055-2e07-4276-ae08-2b96c8d02c57}">
          <package appName="msdynce_Service" version="9.0.25081.1005">msdynce_ServiceAnchor (9.0.25081.1005)</package>
        </Required>
        <Dependent type="60" displayName="Ocorrência para Experiência Interativa" parentDisplayName="Ocorrência" id="{915f6055-2e07-4276-ae08-2b96c8d02c57}" />
      </MissingDependency>
      <MissingDependency>
        <Required type="60" displayName="PhoneToCaseProcess" parentDisplayName="Processo do Telefone até a Ocorrência" solution="msdynce_Service (9.0.5.56)" id="{9774341b-bb15-44b8-b7fa-2ad3aadefa62}">
          <package appName="msdynce_Service" version="9.0.25081.1005">msdynce_ServiceAnchor (9.0.25081.1005)</package>
        </Required>
        <Dependent type="60" displayName="PhoneToCaseProcess" parentDisplayName="Processo do Telefone até a Ocorrência" id="{9774341b-bb15-44b8-b7fa-2ad3aadefa62}" />
      </MissingDependency>
      <MissingDependency>
        <Required type="60" displayName="cartão da conta" parentDisplayName="Conta" solution="msdynce_AppCommon (9.0.4.0066)" id="{b028db32-3619-48a5-ac51-cf3f947b0ef3}">
          <package appName="msdynce_AppCommon" version="9.0.25082.10001">msdynce_AppCommonAnchor (9.0.25082.10001)</package>
        </Required>
        <Dependent type="60" displayName="Ocorrência para Experiência Interativa" parentDisplayName="Ocorrência" id="{915f6055-2e07-4276-ae08-2b96c8d02c57}" />
      </MissingDependency>
      <MissingDependency>
        <Required type="60" displayName="SLA de Primeira Resposta" parentDisplayName="Instância do KPI de SLA" solution="msdynce_ServiceLevelAgreement (9.0.25081.1002)" id="{ede9dac3-e143-4be4-acc8-237309e31210}">
          <package appName="msdynce_ServiceLevelAgreement" version="9.0.25081.1002">msdynce_ServiceLevelAgreementAnchor (9.0.25081.1002)</package>
        </Required>
        <Dependent type="60" displayName="Ocorrência para Experiência Interativa" parentDisplayName="Ocorrência" id="{915f6055-2e07-4276-ae08-2b96c8d02c57}" />
      </MissingDependency>
      <MissingDependency>
        <Required type="60" displayName="Ocorrências Recentes e Direitos" parentDisplayName="Contato" solution="msdynce_AppCommon (9.0.4.0066)" id="{f3b707fb-3b5f-45f9-9c6b-5e573bb5d19e}">
          <package appName="msdynce_AppCommon" version="9.0.25082.10001">msdynce_AppCommonAnchor (9.0.25082.10001)</package>
        </Required>
        <Dependent type="60" displayName="Ocorrência para Experiência Interativa" parentDisplayName="Ocorrência" id="{915f6055-2e07-4276-ae08-2b96c8d02c57}" />
      </MissingDependency>
      <MissingDependency>
        <Required type="61" schemaName="msdyn_/ConnectedCustomerService/Case/CaseForm.js" displayName="msdyn_/ConnectedCustomerService/Case/CaseForm.js" solution="msdyn_ConnectedCustomerService (9.0.23122.1017)">
          <package appName="msdynce_Service" version="9.0.25081.1005">msdynce_ServiceAnchor (9.0.25081.1005)</package>
        </Required>
        <Dependent type="60" displayName="Ocorrência para Experiência Interativa" parentDisplayName="Ocorrência" id="{915f6055-2e07-4276-ae08-2b96c8d02c57}" />
      </MissingDependency>
      <MissingDependency>
        <Required type="61" schemaName="msdyn_/ConnectedCustomerService/Utils/RibbonUtils.js" displayName="msdyn_/ConnectedCustomerService/Utils/RibbonUtils.js" solution="msdyn_ConnectedCustomerService (9.0.23122.1017)">
          <package appName="msdynce_Service" version="9.0.25081.1005">msdynce_ServiceAnchor (9.0.25081.1005)</package>
        </Required>
        <Dependent type="60" displayName="Ocorrência para Experiência Interativa" parentDisplayName="Ocorrência" id="{915f6055-2e07-4276-ae08-2b96c8d02c57}" />
      </MissingDependency>
      <MissingDependency>
        <Required type="61" schemaName="msdyn_CopilotCaseSummaryLibrary.js" displayName="msdyn_CopilotCaseSummaryLibrary.js" solution="msdyn_CSIntelligence (9.2.25081.1029)">
          <package appName="Service Intelligence Package" version="9.2.25081.1029">msdyn_ServiceIntelligenceAnchor (9.2.25081.1029)</package>
        </Required>
        <Dependent type="60" displayName="Ocorrência para Experiência Interativa" parentDisplayName="Ocorrência" id="{915f6055-2e07-4276-ae08-2b96c8d02c57}" />
      </MissingDependency>
      <MissingDependency>
        <Required type="61" schemaName="Swarming/msdyn_Swarming.js" displayName="Swarming/msdyn_Swarming.js" solution="msdyn_Swarming (9.0.25081.2014)">
          <package appName="ServiceExtended" version="9.0.25081.2014">msdyn_ServiceExtendedAnchor (9.0.25081.2014)</package>
        </Required>
        <Dependent type="60" displayName="Ocorrência para Experiência Interativa" parentDisplayName="Ocorrência" id="{915f6055-2e07-4276-ae08-2b96c8d02c57}" />
      </MissingDependency>
      <MissingDependency>
        <Required type="61" schemaName="SwarmingForCS/msdyn_SwarmingForCS.js" displayName="SwarmingForCS/msdyn_SwarmingForCS.js" solution="msdyn_SwarmingForCS (9.0.25081.2014)">
          <package appName="ServiceExtended" version="9.0.25081.2014">msdyn_ServiceExtendedAnchor (9.0.25081.2014)</package>
        </Required>
        <Dependent type="60" displayName="Ocorrência para Experiência Interativa" parentDisplayName="Ocorrência" id="{915f6055-2e07-4276-ae08-2b96c8d02c57}" />
      </MissingDependency>
      <MissingDependency>
        <Required type="66" schemaName="MscrmControls.Containers.SimilarCasesGridControl" displayName="MscrmControls.Containers.SimilarCasesGridControl" solution="msdynce_Service (9.0.5.56)">
          <package appName="msdynce_Service" version="9.0.25081.1005">msdynce_ServiceAnchor (9.0.25081.1005)</package>
        </Required>
        <Dependent type="60" displayName="Ocorrência para Experiência Interativa" parentDisplayName="Ocorrência" id="{915f6055-2e07-4276-ae08-2b96c8d02c57}" />
      </MissingDependency>
      <MissingDependency>
        <Required type="66" schemaName="MscrmControls.CSIntelligence.CopilotCaseSummaryControl" displayName="MscrmControls.CSIntelligence.CopilotCaseSummaryControl" solution="msdyn_CSIntelligence (9.2.25081.1029)">
          <package appName="Service Intelligence Package" version="9.2.25081.1029">msdyn_ServiceIntelligenceAnchor (9.2.25081.1029)</package>
        </Required>
        <Dependent type="60" displayName="Ocorrência para Experiência Interativa" parentDisplayName="Ocorrência" id="{915f6055-2e07-4276-ae08-2b96c8d02c57}" />
      </MissingDependency>
      <MissingDependency>
        <Required type="66" schemaName="MscrmControls.CustomerService.SelectionTreeViewControl" displayName="MscrmControls.CustomerService.SelectionTreeViewControl" solution="msdynce_ServiceManagementControlsExtension (9.1.25074.1003)">
          <package appName="msdynce_ServiceLevelAgreement" version="9.0.25081.1002">msdynce_ServiceLevelAgreementAnchor (9.0.25081.1002)</package>
          <package appName="msdynce_Service" version="9.0.25081.1005">msdynce_ServiceAnchor (9.0.25081.1005)</package>
        </Required>
        <Dependent type="60" displayName="Ocorrência para Experiência Interativa" parentDisplayName="Ocorrência" id="{915f6055-2e07-4276-ae08-2b96c8d02c57}" />
      </MissingDependency>
      <MissingDependency>
        <Required type="66" schemaName="MscrmControls.DeviceInsights.DeviceInsightsControl" displayName="MscrmControls.DeviceInsights.DeviceInsightsControl" solution="IoTConnector (1.8.53.0)">
          <package appName="msdynce_Service" version="9.0.25081.1005">msdynce_ServiceAnchor (9.0.25081.1005)</package>
        </Required>
        <Dependent type="60" displayName="Ocorrência para Experiência Interativa" parentDisplayName="Ocorrência" id="{915f6055-2e07-4276-ae08-2b96c8d02c57}" />
      </MissingDependency>
    </MissingDependencies>
  </SolutionManifest>
</ImportExportXml>