{
  "properties": {
    "connectionReferences": {
      "shared_commondataserviceforapps": {
        "api": {
          "name": "shared_commondataserviceforapps"
        },
        "connection": {
          "connectionReferenceLogicalName": "new_sharedcommondataserviceforapps_8f88f"
        },
        "runtimeSource": "embedded"
      }
    },
    "definition": {
      "$schema": "https://schema.management.azure.com/providers/Microsoft.Logic/schemas/2016-06-01/workflowdefinition.json#",
      "contentVersion": "1.0.0.0",
      "parameters": {
        "$authentication": {
          "defaultValue": {},
          "type": "SecureObject"
        },
        "$connections": {
          "defaultValue": {},
          "type": "Object"
        }
      },
      "triggers": {
        "manual": {
          "type": "Request",
          "kind": "Skills",
          "inputs": {
            "schema": {
              "type": "object",
              "properties": {
                "text": {
                  "description": "Introduza a sua entrada",
                  "title": "emailDigitado",
                  "type": "string",
                  "x-ms-content-hint": "TEXT",
                  "x-ms-dynamically-added": true
                }
              },
              "required": [
                "text"
              ]
            }
          },
          "metadata": {
            "operationMetadataId": "b8f61c18-7224-4f8a-9c5f-72fbce5df764"
          }
        }
      },
      "actions": {
        "Busca_Contato": {
          "type": "OpenApiConnection",
          "inputs": {
            "parameters": {
              "entityName": "contacts",
              "$filter": "emailaddress1 eq '@{triggerBody()?['text']}'",
              "$top": 1
            },
            "host": {
              "apiId": "/providers/Microsoft.PowerApps/apis/shared_commondataserviceforapps",
              "operationId": "ListRecords",
              "connectionName": "shared_commondataserviceforapps"
            }
          },
          "runAfter": {}
        },
        "Se_contato_encontrado": {
          "type": "If",
          "expression": {
            "and": [
              {
                "greater": [
                  "@length(outputs('Busca_Contato')?['body/value'])",
                  0
                ]
              }
            ]
          },
          "actions": {
            "Set_nomeCompleto": {
              "type": "SetVariable",
              "inputs": {
                "name": "nomeCompleto",
                "value": "@first(outputs('Busca_Contato')?['body/value'])?['fullname']"
              }
            },
            "Set_contatoEmail": {
              "type": "SetVariable",
              "inputs": {
                "name": "contatoEmail",
                "value": "@first(outputs('Busca_Contato')?['body/value'])?['emailaddress1']"
              },
              "runAfter": {
                "Set_nomeCompleto": [
                  "Succeeded"
                ]
              }
            },
            "Definir_contactId": {
              "type": "SetVariable",
              "inputs": {
                "name": "contadoId",
                "value": "@first(outputs('Busca_Contato')?['body/value'])?['contactid']"
              },
              "runAfter": {
                "Set_contatoEmail": [
                  "Succeeded"
                ]
              }
            }
          },
          "else": {
            "actions": {
              "Set_error": {
                "type": "SetVariable",
                "inputs": {
                  "name": "error",
                  "value": "Nenhum contato encontrado"
                }
              }
            }
          },
          "runAfter": {
            "Inicializar_contatoId": [
              "Succeeded"
            ]
          }
        },
        "Respond_to_the_agent": {
          "type": "Response",
          "kind": "Skills",
          "inputs": {
            "schema": {
              "type": "object",
              "properties": {
                "erro": {
                  "title": "Erro",
                  "description": "",
                  "type": "string",
                  "x-ms-content-hint": "TEXT",
                  "x-ms-dynamically-added": true
                },
                "contatonome": {
                  "title": "contatoNome",
                  "description": "",
                  "type": "string",
                  "x-ms-content-hint": "TEXT",
                  "x-ms-dynamically-added": true
                },
                "contatoemail": {
                  "title": "contatoEmail",
                  "description": "",
                  "type": "string",
                  "x-ms-content-hint": "TEXT",
                  "x-ms-dynamically-added": true
                },
                "contatoid": {
                  "title": "contatoId",
                  "description": "",
                  "type": "string",
                  "x-ms-content-hint": "TEXT",
                  "x-ms-dynamically-added": true
                }
              },
              "additionalProperties": {}
            },
            "statusCode": 200,
            "body": {
              "erro": "@{variables('error')}",
              "contatonome": "@{variables('nomeCompleto')}",
              "contatoemail": "@{variables('contatoEmail')}",
              "contatoid": "@{variables('contadoId')}"
            }
          },
          "runAfter": {
            "Se_contato_encontrado": [
              "Succeeded"
            ]
          }
        },
        "Initialize_error": {
          "type": "InitializeVariable",
          "inputs": {
            "variables": [
              {
                "name": "error",
                "type": "string"
              }
            ]
          },
          "runAfter": {
            "Busca_Contato": [
              "Succeeded"
            ]
          }
        },
        "Initialize_nomeCompleto": {
          "type": "InitializeVariable",
          "inputs": {
            "variables": [
              {
                "name": "nomeCompleto",
                "type": "string"
              }
            ]
          },
          "runAfter": {
            "Initialize_error": [
              "Succeeded"
            ]
          }
        },
        "Initialize_contatoEmail": {
          "type": "InitializeVariable",
          "inputs": {
            "variables": [
              {
                "name": "contatoEmail",
                "type": "string"
              }
            ]
          },
          "runAfter": {
            "Initialize_nomeCompleto": [
              "Succeeded"
            ]
          }
        },
        "Inicializar_contatoId": {
          "type": "InitializeVariable",
          "inputs": {
            "variables": [
              {
                "name": "contadoId",
                "type": "string"
              }
            ]
          },
          "runAfter": {
            "Initialize_contatoEmail": [
              "Succeeded"
            ]
          }
        }
      },
      "outputs": {},
      "description": "When an agent calls the flow and send back a response."
    },
    "templateName": null
  },
  "schemaVersion": "1.0.0.0"
}