{
  "properties": {
    "connectionReferences": {
      "shared_commondataserviceforapps_1": {
        "api": {
          "name": "shared_commondataserviceforapps"
        },
        "connection": {
          "connectionReferenceLogicalName": "new_sharedcommondataserviceforapps_8dea3"
        },
        "runtimeSource": "embedded"
      }
    },
    "definition": {
      "$schema": "https://schema.management.azure.com/providers/Microsoft.Logic/schemas/2016-06-01/workflowdefinition.json#",
      "contentVersion": "1.0.0.0",
      "parameters": {
        "$authentication": {
          "defaultValue": {},
          "type": "SecureObject"
        },
        "$connections": {
          "defaultValue": {},
          "type": "Object"
        }
      },
      "triggers": {
        "Quando_uma_linha_é_adicionada,_modificada_ou_eliminada": {
          "type": "OpenApiConnectionWebhook",
          "inputs": {
            "parameters": {
              "subscriptionRequest/message": 1,
              "subscriptionRequest/entityname": "incident",
              "subscriptionRequest/scope": 4,
              "subscriptionRequest/name": "3bb1a0ee-5469-f011-bec3-002248378ab7"
            },
            "host": {
              "apiId": "/providers/Microsoft.PowerApps/apis/shared_commondataserviceforapps",
              "operationId": "SubscribeWebhookTrigger",
              "connectionName": "shared_commondataserviceforapps_1"
            }
          },
          "metadata": {
            "operationMetadataId": "a198e171-57da-452f-a3c4-e8e363214ab6"
          }
        }
      },
      "actions": {
        "Obter_contato_por_ID": {
          "type": "OpenApiConnection",
          "inputs": {
            "parameters": {
              "entityName": "contacts",
              "recordId": "@triggerOutputs()?['body/_customerid_value']"
            },
            "host": {
              "apiId": "/providers/Microsoft.PowerApps/apis/shared_commondataserviceforapps",
              "operationId": "GetItem",
              "connectionName": "shared_commondataserviceforapps_1"
            }
          },
          "runAfter": {
            "Muda_proprietario_da_ocorrencia": [
              "Succeeded"
            ]
          },
          "metadata": {
            "operationMetadataId": "b883d965-4ffa-46ba-bc5f-2bb342054147"
          }
        },
        "cria_tarefa": {
          "type": "OpenApiConnection",
          "inputs": {
            "parameters": {
              "entityName": "tasks",
              "item/subject": "Análise Inicial da Ocorrência: @{triggerOutputs()?['body/incidentid']}",
              "item/scheduledend": "@addDays(utcNow(), 1)",
              "item/description": "Por favor, analise a seguinte ocorrência:\nNúmero da Ocorrência: @{triggerOutputs()?['body/incidentid']}\nAssunto: @{triggerOutputs()?['body/title']}\nDescrição: @{triggerOutputs()?['body/description']}\n\nInformações de Contato: \nNome do Cliente: @{outputs('Obter_contato_por_ID')?['body/firstname']}\nE-mail do Cliente: @{outputs('Obter_contato_por_ID')?['body/emailaddress1']}\n\n\nAção Necessária: Avaliar a situação e iniciar o processo de resolução.\n",
              "item/prioritycode": "@triggerOutputs()?['body/prioritycode']",
              "item/ownerid_task@odata.bind": "teams(4b0cce97-5669-f011-bec3-002248378ab7)",
              "item/regardingobjectid_incident_task@odata.bind": "/incidents(@{triggerOutputs()?['body/incidentid']})",
              "item/scheduledstart": "@utcNow()"
            },
            "host": {
              "apiId": "/providers/Microsoft.PowerApps/apis/shared_commondataserviceforapps",
              "operationId": "CreateRecord",
              "connectionName": "shared_commondataserviceforapps_1"
            }
          },
          "runAfter": {
            "Obter_contato_por_ID": [
              "Succeeded"
            ]
          },
          "metadata": {
            "operationMetadataId": "eeb3fb4a-0aac-4d20-983c-cdc052a19e95"
          }
        },
        "Muda_proprietario_da_ocorrencia": {
          "type": "OpenApiConnection",
          "inputs": {
            "parameters": {
              "entityName": "incidents",
              "recordId": "@triggerOutputs()?['body/incidentid']",
              "item/ownerid@odata.bind": "teams(4b0cce97-5669-f011-bec3-002248378ab7)"
            },
            "host": {
              "apiId": "/providers/Microsoft.PowerApps/apis/shared_commondataserviceforapps",
              "operationId": "UpdateRecord",
              "connectionName": "shared_commondataserviceforapps_1"
            }
          },
          "runAfter": {},
          "metadata": {
            "operationMetadataId": "08fcf8e3-46d9-4dcb-bbe5-e4beb251f187"
          }
        },
        "cria_mensagem_email": {
          "type": "OpenApiConnection",
          "inputs": {
            "parameters": {
              "entityName": "emails",
              "item/activitypointer_activity_parties": [
                {
                  "participationtypemask": 1,
                  "partyid_queue@odata.bind": "/queues(590cce97-5669-f011-bec3-002248378ab7)"
                },
                {
                  "participationtypemask": 2,
                  "partyid_contact@odata.bind": "/contacts(@{outputs('Compor_contato')})"
                }
              ],
              "item/subject": "Sua solicitação ocorrência foi recebida!",
              "item/scheduledstart": "@utcNow()",
              "item/description": "Olá @{outputs('Obter_contato_por_ID')?['body/firstname']},\n\nRecebemos sua solicitação de ocorrência e ela foi registrada com sucesso em nosso sistema.\n\n📝 @{triggerOutputs()?['body/ticketnumber']}\n📅 @{utcNow()} \n🔎 Ocorrência criada.\n\nNossa equipe está analisando seu pedido e em breve você receberá atualizações sobre o andamento.  \nEnquanto isso, se houver novas informações ou documentos que deseje adicionar, basta responder a este e-mail.\n\nAgradecemos por entrar em contato com a Equipe de Atendimento.  \nEstamos aqui para garantir que sua solicitação seja tratada com prioridade e eficiência.\n\nAtenciosamente,  \nEquipe de Suporte  \n",
              "item/regardingobjectid_incident_email@odata.bind": "/incidents(@{triggerOutputs()?['body/incidentid']})"
            },
            "host": {
              "apiId": "/providers/Microsoft.PowerApps/apis/shared_commondataserviceforapps",
              "operationId": "CreateRecord",
              "connectionName": "shared_commondataserviceforapps_1"
            }
          },
          "runAfter": {
            "Compor_contato": [
              "Succeeded"
            ]
          },
          "metadata": {
            "operationMetadataId": "f32c269c-1049-441d-b840-da00a3f6d29a"
          }
        },
        "manda_o_email": {
          "type": "OpenApiConnection",
          "inputs": {
            "parameters": {
              "entityName": "emails",
              "actionName": "Microsoft.Dynamics.CRM.SendEmail",
              "recordId": "@outputs('Compor_mensagem_email')",
              "item/IssueSend": true
            },
            "host": {
              "apiId": "/providers/Microsoft.PowerApps/apis/shared_commondataserviceforapps",
              "operationId": "PerformBoundAction",
              "connectionName": "shared_commondataserviceforapps_1"
            }
          },
          "runAfter": {
            "Compor_mensagem_email": [
              "Succeeded"
            ]
          },
          "metadata": {
            "operationMetadataId": "22ef8a4c-62ad-4dee-9cfb-0a4f41007054"
          }
        },
        "Compor_contato": {
          "type": "Compose",
          "inputs": "@split(split(outputs('obter_contato_por_id')?['body/@odata.id'], '(')[1], ')')[0]\r\n",
          "runAfter": {
            "cria_tarefa": [
              "Succeeded"
            ]
          },
          "metadata": {
            "operationMetadataId": "5a50a87c-ef14-43d1-b46a-b00440a3082f"
          }
        },
        "Compor_mensagem_email": {
          "type": "Compose",
          "inputs": "@split(split(outputs('cria_mensagem_email')?['body/@odata.id'], '(')[1], ')')[0]\r\n",
          "runAfter": {
            "cria_mensagem_email": [
              "Succeeded"
            ]
          }
        }
      },
      "outputs": {}
    },
    "templateName": null
  },
  "schemaVersion": "1.0.0.0"
}